organisationunitid,organisationunitname,organisationunitcode,organisationunitdescription,January 2016 Umri mwaka 1 hadi umri chini ya miaka 5 ME,January 2016 Umri mwaka 1 hadi umri chini ya miaka 5 KE,January 2016 Umri miaka 5 hadi umri chini ya miaka 60 ME,January 2016 Umri miaka 5 hadi umri chini ya miaka 60 KE,February 2016 Umri mwaka 1 hadi umri chini ya miaka 5 ME,February 2016 Umri mwaka 1 hadi umri chini ya miaka 5 KE,February 2016 Umri miaka 5 hadi umri chini ya miaka 60 ME,February 2016 Umri miaka 5 hadi umri chini ya miaka 60 KE,March 2016 Umri mwaka 1 hadi umri chini ya miaka 5 ME,March 2016 Umri mwaka 1 hadi umri chini ya miaka 5 KE,March 2016 Umri miaka 5 hadi umri chini ya miaka 60 ME,March 2016 Umri miaka 5 hadi umri chini ya miaka 60 KE,April 2016 Umri mwaka 1 hadi umri chini ya miaka 5 ME,April 2016 Umri mwaka 1 hadi umri chini ya miaka 5 KE,April 2016 Umri miaka 5 hadi umri chini ya miaka 60 ME,April 2016 Umri miaka 5 hadi umri chini ya miaka 60 KE,May 2016 Umri mwaka 1 hadi umri chini ya miaka 5 ME,May 2016 Umri mwaka 1 hadi umri chini ya miaka 5 KE,May 2016 Umri miaka 5 hadi umri chini ya miaka 60 ME,May 2016 Umri miaka 5 hadi umri chini ya miaka 60 KE,June 2016 Umri mwaka 1 hadi umri chini ya miaka 5 ME,June 2016 Umri mwaka 1 hadi umri chini ya miaka 5 KE,June 2016 Umri miaka 5 hadi umri chini ya miaka 60 ME,June 2016 Umri miaka 5 hadi umri chini ya miaka 60 KE,July 2016 Umri mwaka 1 hadi umri chini ya miaka 5 ME,July 2016 Umri mwaka 1 hadi umri chini ya miaka 5 KE,July 2016 Umri miaka 5 hadi umri chini ya miaka 60 ME,July 2016 Umri miaka 5 hadi umri chini ya miaka 60 KE,August 2016 Umri mwaka 1 hadi umri chini ya miaka 5 ME,August 2016 Umri mwaka 1 hadi umri chini ya miaka 5 KE,August 2016 Umri miaka 5 hadi umri chini ya miaka 60 ME,August 2016 Umri miaka 5 hadi umri chini ya miaka 60 KE,September 2016 Umri mwaka 1 hadi umri chini ya miaka 5 ME,September 2016 Umri mwaka 1 hadi umri chini ya miaka 5 KE,September 2016 Umri miaka 5 hadi umri chini ya miaka 60 ME,September 2016 Umri miaka 5 hadi umri chini ya miaka 60 KE,October 2016 Umri mwaka 1 hadi umri chini ya miaka 5 ME,October 2016 Umri mwaka 1 hadi umri chini ya miaka 5 KE,October 2016 Umri miaka 5 hadi umri chini ya miaka 60 ME,October 2016 Umri miaka 5 hadi umri chini ya miaka 60 KE,November 2016 Umri mwaka 1 hadi umri chini ya miaka 5 ME,November 2016 Umri mwaka 1 hadi umri chini ya miaka 5 KE,November 2016 Umri miaka 5 hadi umri chini ya miaka 60 ME,November 2016 Umri miaka 5 hadi umri chini ya miaka 60 KE,December 2016 Umri mwaka 1 hadi umri chini ya miaka 5 ME,December 2016 Umri mwaka 1 hadi umri chini ya miaka 5 KE,December 2016 Umri miaka 5 hadi umri chini ya miaka 60 ME,December 2016 Umri miaka 5 hadi umri chini ya miaka 60 KE,January 2017 Umri mwaka 1 hadi umri chini ya miaka 5 ME,January 2017 Umri mwaka 1 hadi umri chini ya miaka 5 KE,January 2017 Umri miaka 5 hadi umri chini ya miaka 60 ME,January 2017 Umri miaka 5 hadi umri chini ya miaka 60 KE,February 2017 Umri mwaka 1 hadi umri chini ya miaka 5 ME,February 2017 Umri mwaka 1 hadi umri chini ya miaka 5 KE,February 2017 Umri miaka 5 hadi umri chini ya miaka 60 ME,February 2017 Umri miaka 5 hadi umri chini ya miaka 60 KE,March 2017 Umri mwaka 1 hadi umri chini ya miaka 5 ME,March 2017 Umri mwaka 1 hadi umri chini ya miaka 5 KE,March 2017 Umri miaka 5 hadi umri chini ya miaka 60 ME,March 2017 Umri miaka 5 hadi umri chini ya miaka 60 KE,April 2017 Umri mwaka 1 hadi umri chini ya miaka 5 ME,April 2017 Umri mwaka 1 hadi umri chini ya miaka 5 KE,April 2017 Umri miaka 5 hadi umri chini ya miaka 60 ME,April 2017 Umri miaka 5 hadi umri chini ya miaka 60 KE,May 2017 Umri mwaka 1 hadi umri chini ya miaka 5 ME,May 2017 Umri mwaka 1 hadi umri chini ya miaka 5 KE,May 2017 Umri miaka 5 hadi umri chini ya miaka 60 ME,May 2017 Umri miaka 5 hadi umri chini ya miaka 60 KE,June 2017 Umri mwaka 1 hadi umri chini ya miaka 5 ME,June 2017 Umri mwaka 1 hadi umri chini ya miaka 5 KE,June 2017 Umri miaka 5 hadi umri chini ya miaka 60 ME,June 2017 Umri miaka 5 hadi umri chini ya miaka 60 KE,July 2017 Umri mwaka 1 hadi umri chini ya miaka 5 ME,July 2017 Umri mwaka 1 hadi umri chini ya miaka 5 KE,July 2017 Umri miaka 5 hadi umri chini ya miaka 60 ME,July 2017 Umri miaka 5 hadi umri chini ya miaka 60 KE,August 2017 Umri mwaka 1 hadi umri chini ya miaka 5 ME,August 2017 Umri mwaka 1 hadi umri chini ya miaka 5 KE,August 2017 Umri miaka 5 hadi umri chini ya miaka 60 ME,August 2017 Umri miaka 5 hadi umri chini ya miaka 60 KE,September 2017 Umri mwaka 1 hadi umri chini ya miaka 5 ME,September 2017 Umri mwaka 1 hadi umri chini ya miaka 5 KE,September 2017 Umri miaka 5 hadi umri chini ya miaka 60 ME,September 2017 Umri miaka 5 hadi umri chini ya miaka 60 KE,October 2017 Umri mwaka 1 hadi umri chini ya miaka 5 ME,October 2017 Umri mwaka 1 hadi umri chini ya miaka 5 KE,October 2017 Umri miaka 5 hadi umri chini ya miaka 60 ME,October 2017 Umri miaka 5 hadi umri chini ya miaka 60 KE,November 2017 Umri mwaka 1 hadi umri chini ya miaka 5 ME,November 2017 Umri mwaka 1 hadi umri chini ya miaka 5 KE,November 2017 Umri miaka 5 hadi umri chini ya miaka 60 ME,November 2017 Umri miaka 5 hadi umri chini ya miaka 60 KE,December 2017 Umri mwaka 1 hadi umri chini ya miaka 5 ME,December 2017 Umri mwaka 1 hadi umri chini ya miaka 5 KE,December 2017 Umri miaka 5 hadi umri chini ya miaka 60 ME,December 2017 Umri miaka 5 hadi umri chini ya miaka 60 KE,January 2018 Umri mwaka 1 hadi umri chini ya miaka 5 ME,January 2018 Umri mwaka 1 hadi umri chini ya miaka 5 KE,January 2018 Umri miaka 5 hadi umri chini ya miaka 60 ME,January 2018 Umri miaka 5 hadi umri chini ya miaka 60 KE,February 2018 Umri mwaka 1 hadi umri chini ya miaka 5 ME,February 2018 Umri mwaka 1 hadi umri chini ya miaka 5 KE,February 2018 Umri miaka 5 hadi umri chini ya miaka 60 ME,February 2018 Umri miaka 5 hadi umri chini ya miaka 60 KE,March 2018 Umri mwaka 1 hadi umri chini ya miaka 5 ME,March 2018 Umri mwaka 1 hadi umri chini ya miaka 5 KE,March 2018 Umri miaka 5 hadi umri chini ya miaka 60 ME,March 2018 Umri miaka 5 hadi umri chini ya miaka 60 KE,April 2018 Umri mwaka 1 hadi umri chini ya miaka 5 ME,April 2018 Umri mwaka 1 hadi umri chini ya miaka 5 KE,April 2018 Umri miaka 5 hadi umri chini ya miaka 60 ME,April 2018 Umri miaka 5 hadi umri chini ya miaka 60 KE,May 2018 Umri mwaka 1 hadi umri chini ya miaka 5 ME,May 2018 Umri mwaka 1 hadi umri chini ya miaka 5 KE,May 2018 Umri miaka 5 hadi umri chini ya miaka 60 ME,May 2018 Umri miaka 5 hadi umri chini ya miaka 60 KE,June 2018 Umri mwaka 1 hadi umri chini ya miaka 5 ME,June 2018 Umri mwaka 1 hadi umri chini ya miaka 5 KE,June 2018 Umri miaka 5 hadi umri chini ya miaka 60 ME,June 2018 Umri miaka 5 hadi umri chini ya miaka 60 KE,July 2018 Umri mwaka 1 hadi umri chini ya miaka 5 ME,July 2018 Umri mwaka 1 hadi umri chini ya miaka 5 KE,July 2018 Umri miaka 5 hadi umri chini ya miaka 60 ME,July 2018 Umri miaka 5 hadi umri chini ya miaka 60 KE,August 2018 Umri mwaka 1 hadi umri chini ya miaka 5 ME,August 2018 Umri mwaka 1 hadi umri chini ya miaka 5 KE,August 2018 Umri miaka 5 hadi umri chini ya miaka 60 ME,August 2018 Umri miaka 5 hadi umri chini ya miaka 60 KE,September 2018 Umri mwaka 1 hadi umri chini ya miaka 5 ME,September 2018 Umri mwaka 1 hadi umri chini ya miaka 5 KE,September 2018 Umri miaka 5 hadi umri chini ya miaka 60 ME,September 2018 Umri miaka 5 hadi umri chini ya miaka 60 KE,October 2018 Umri mwaka 1 hadi umri chini ya miaka 5 ME,October 2018 Umri mwaka 1 hadi umri chini ya miaka 5 KE,October 2018 Umri miaka 5 hadi umri chini ya miaka 60 ME,October 2018 Umri miaka 5 hadi umri chini ya miaka 60 KE,November 2018 Umri mwaka 1 hadi umri chini ya miaka 5 ME,November 2018 Umri mwaka 1 hadi umri chini ya miaka 5 KE,November 2018 Umri miaka 5 hadi umri chini ya miaka 60 ME,November 2018 Umri miaka 5 hadi umri chini ya miaka 60 KE,December 2018 Umri mwaka 1 hadi umri chini ya miaka 5 ME,December 2018 Umri mwaka 1 hadi umri chini ya miaka 5 KE,December 2018 Umri miaka 5 hadi umri chini ya miaka 60 ME,December 2018 Umri miaka 5 hadi umri chini ya miaka 60 KE,January 2019 Umri mwaka 1 hadi umri chini ya miaka 5 ME,January 2019 Umri mwaka 1 hadi umri chini ya miaka 5 KE,January 2019 Umri miaka 5 hadi umri chini ya miaka 60 ME,January 2019 Umri miaka 5 hadi umri chini ya miaka 60 KE,February 2019 Umri mwaka 1 hadi umri chini ya miaka 5 ME,February 2019 Umri mwaka 1 hadi umri chini ya miaka 5 KE,February 2019 Umri miaka 5 hadi umri chini ya miaka 60 ME,February 2019 Umri miaka 5 hadi umri chini ya miaka 60 KE,March 2019 Umri mwaka 1 hadi umri chini ya miaka 5 ME,March 2019 Umri mwaka 1 hadi umri chini ya miaka 5 KE,March 2019 Umri miaka 5 hadi umri chini ya miaka 60 ME,March 2019 Umri miaka 5 hadi umri chini ya miaka 60 KE,April 2019 Umri mwaka 1 hadi umri chini ya miaka 5 ME,April 2019 Umri mwaka 1 hadi umri chini ya miaka 5 KE,April 2019 Umri miaka 5 hadi umri chini ya miaka 60 ME,April 2019 Umri miaka 5 hadi umri chini ya miaka 60 KE,May 2019 Umri mwaka 1 hadi umri chini ya miaka 5 ME,May 2019 Umri mwaka 1 hadi umri chini ya miaka 5 KE,May 2019 Umri miaka 5 hadi umri chini ya miaka 60 ME,May 2019 Umri miaka 5 hadi umri chini ya miaka 60 KE,June 2019 Umri mwaka 1 hadi umri chini ya miaka 5 ME,June 2019 Umri mwaka 1 hadi umri chini ya miaka 5 KE,June 2019 Umri miaka 5 hadi umri chini ya miaka 60 ME,June 2019 Umri miaka 5 hadi umri chini ya miaka 60 KE,July 2019 Umri mwaka 1 hadi umri chini ya miaka 5 ME,July 2019 Umri mwaka 1 hadi umri chini ya miaka 5 KE,July 2019 Umri miaka 5 hadi umri chini ya miaka 60 ME,July 2019 Umri miaka 5 hadi umri chini ya miaka 60 KE,August 2019 Umri mwaka 1 hadi umri chini ya miaka 5 ME,August 2019 Umri mwaka 1 hadi umri chini ya miaka 5 KE,August 2019 Umri miaka 5 hadi umri chini ya miaka 60 ME,August 2019 Umri miaka 5 hadi umri chini ya miaka 60 KE,September 2019 Umri mwaka 1 hadi umri chini ya miaka 5 ME,September 2019 Umri mwaka 1 hadi umri chini ya miaka 5 KE,September 2019 Umri miaka 5 hadi umri chini ya miaka 60 ME,September 2019 Umri miaka 5 hadi umri chini ya miaka 60 KE,October 2019 Umri mwaka 1 hadi umri chini ya miaka 5 ME,October 2019 Umri mwaka 1 hadi umri chini ya miaka 5 KE,October 2019 Umri miaka 5 hadi umri chini ya miaka 60 ME,October 2019 Umri miaka 5 hadi umri chini ya miaka 60 KE,November 2019 Umri mwaka 1 hadi umri chini ya miaka 5 ME,November 2019 Umri mwaka 1 hadi umri chini ya miaka 5 KE,November 2019 Umri miaka 5 hadi umri chini ya miaka 60 ME,November 2019 Umri miaka 5 hadi umri chini ya miaka 60 KE,December 2019 Umri mwaka 1 hadi umri chini ya miaka 5 ME,December 2019 Umri mwaka 1 hadi umri chini ya miaka 5 KE,December 2019 Umri miaka 5 hadi umri chini ya miaka 60 ME,December 2019 Umri miaka 5 hadi umri chini ya miaka 60 KE,January 2020 Umri mwaka 1 hadi umri chini ya miaka 5 ME,January 2020 Umri mwaka 1 hadi umri chini ya miaka 5 KE,January 2020 Umri miaka 5 hadi umri chini ya miaka 60 ME,January 2020 Umri miaka 5 hadi umri chini ya miaka 60 KE,February 2020 Umri mwaka 1 hadi umri chini ya miaka 5 ME,February 2020 Umri mwaka 1 hadi umri chini ya miaka 5 KE,February 2020 Umri miaka 5 hadi umri chini ya miaka 60 ME,February 2020 Umri miaka 5 hadi umri chini ya miaka 60 KE,March 2020 Umri mwaka 1 hadi umri chini ya miaka 5 ME,March 2020 Umri mwaka 1 hadi umri chini ya miaka 5 KE,March 2020 Umri miaka 5 hadi umri chini ya miaka 60 ME,March 2020 Umri miaka 5 hadi umri chini ya miaka 60 KE,April 2020 Umri mwaka 1 hadi umri chini ya miaka 5 ME,April 2020 Umri mwaka 1 hadi umri chini ya miaka 5 KE,April 2020 Umri miaka 5 hadi umri chini ya miaka 60 ME,April 2020 Umri miaka 5 hadi umri chini ya miaka 60 KE,May 2020 Umri mwaka 1 hadi umri chini ya miaka 5 ME,May 2020 Umri mwaka 1 hadi umri chini ya miaka 5 KE,May 2020 Umri miaka 5 hadi umri chini ya miaka 60 ME,May 2020 Umri miaka 5 hadi umri chini ya miaka 60 KE,June 2020 Umri mwaka 1 hadi umri chini ya miaka 5 ME,June 2020 Umri mwaka 1 hadi umri chini ya miaka 5 KE,June 2020 Umri miaka 5 hadi umri chini ya miaka 60 ME,June 2020 Umri miaka 5 hadi umri chini ya miaka 60 KE,July 2020 Umri mwaka 1 hadi umri chini ya miaka 5 ME,July 2020 Umri mwaka 1 hadi umri chini ya miaka 5 KE,July 2020 Umri miaka 5 hadi umri chini ya miaka 60 ME,July 2020 Umri miaka 5 hadi umri chini ya miaka 60 KE,August 2020 Umri mwaka 1 hadi umri chini ya miaka 5 ME,August 2020 Umri mwaka 1 hadi umri chini ya miaka 5 KE,August 2020 Umri miaka 5 hadi umri chini ya miaka 60 ME,August 2020 Umri miaka 5 hadi umri chini ya miaka 60 KE,September 2020 Umri mwaka 1 hadi umri chini ya miaka 5 ME,September 2020 Umri mwaka 1 hadi umri chini ya miaka 5 KE,September 2020 Umri miaka 5 hadi umri chini ya miaka 60 ME,September 2020 Umri miaka 5 hadi umri chini ya miaka 60 KE,October 2020 Umri mwaka 1 hadi umri chini ya miaka 5 ME,October 2020 Umri mwaka 1 hadi umri chini ya miaka 5 KE,October 2020 Umri miaka 5 hadi umri chini ya miaka 60 ME,October 2020 Umri miaka 5 hadi umri chini ya miaka 60 KE,November 2020 Umri mwaka 1 hadi umri chini ya miaka 5 ME,November 2020 Umri mwaka 1 hadi umri chini ya miaka 5 KE,November 2020 Umri miaka 5 hadi umri chini ya miaka 60 ME,November 2020 Umri miaka 5 hadi umri chini ya miaka 60 KE,December 2020 Umri mwaka 1 hadi umri chini ya miaka 5 ME,December 2020 Umri mwaka 1 hadi umri chini ya miaka 5 KE,December 2020 Umri miaka 5 hadi umri chini ya miaka 60 ME,December 2020 Umri miaka 5 hadi umri chini ya miaka 60 KE
lgZ6HfZaj3f,Arusha City Council,TZ.NT.AS.AS.3,,6,4,60,51,5,4,26,36,11,8,52,21,,,61,39,15,11,80,65,14,17,37,43,,,59,30,23,13,35,30,,,4,1,,,,1,1,1,6,7,1,1,7,7,,,,,,,2,2,,,,,,1,,2,,,1,,,,1,,1,,2,2,,,1,3,,,,,,,,,,,75,82,1,,2,2,,,,,,,,,,,,,,,,,,,,,1,,2,,,,,,,,,,,,,1,,,,,,,,,2,,,,1,,,,,,,,,,,,,,,,,,,,,,,,,,,,,,,,,,,,,,2,1,,,,,,,,,,,,1,,,,,,,2,,,1,,,,,,1,,,,,1,,,,,,,,,,,,,,1,2,,,4,2,1,,,
zHa2ohFrpPM,Arusha District Council,TZ.NT.AS.AS.6,,,,5,4,,,20,12,1,,13,7,1,,11,6,2,,5,7,,,5,6,1,2,,,,2,12,6,,,1,2,,,,,,,1,4,,,,1,1,,2,,1,,,,,,2,,1,,1,,,,,2,,,,,,,,,,,,,,,,1,,,,2,,,1,1,,,2,,,,,,,,,,,,,,,,,,,,,1,,,,1,,,,,,,,,,,,,,,,,,,,,,,,,,,,,,,,,,,,,,,,,,,,,,,,,,,1,,,,,,1,,,,,,,,,1,,1,,,,,,,,,,,,,,,,,,,,,,,,,,,,,,,,,,,,,,,1,,,,,,,,,,,,,
QKEr8DFutO8,Karatu District Council,TZ.NT.AS.KR.4,,,,,1,1,2,3,4,,,1,,1,3,3,4,1,,8,3,,,1,,1,,1,2,,,5,10,1,1,4,,1,2,1,4,1,1,6,7,4,1,24,10,,1,1,,1,,5,4,8,1,17,7,1,3,6,3,,1,11,10,,,2,5,,1,4,2,,,1,,,1,2,,,,1,,,,2,2,,,,1,,,3,3,,,6,1,,,,,2,,,1,,,3,3,,,4,7,,1,4,11,,,1,,,,4,3,,,,,,,6,6,,,5,2,1,,,,,,,,,,,,,,,,,,,1,,,1,2,,,,,,,1,,,,,,,,,,1,,,,,,3,,,,,,,,,,,,,,,,,,,1,1,,,,,,,,,,,,,,,,,,,,7,2,,,,1,,,,
aQEZnk4RzKv,Longido District Council,TZ.NT.AS.LO.7,,,,,,,,,,,,1,,,,,,,,,,,,1,,,,2,4,,,,,,1,4,,5,3,3,,,1,6,4,,,1,2,,1,1,1,,,,,,1,,1,4,4,4,4,1,1,2,,1,,3,,,,,,,,1,4,,,,,,,,,,,,,,,2,1,,,2,,,,,,,,,,,,2,1,,,1,1,,,,,,,,,,,,,,,2,,,,,,,,,,,,,,,,,,,,,,,,,,,,,,,,,,,,,,,,,,,,,,,,,,,,,,,,,,,,,,,,,,,,,,,,,,,,,,,,,,,,,,,,,,,,,,,,,,,,,,,,,,,,,
uafqZbOYpVL,Meru District Council,TZ.NT.AS.AM.2,,,,,,,,1,,,,,,1,1,2,,3,2,,,,,,,,,,,,,,,,,,,,,,,,1,,,,,,,,,,,,,,,,,3,,,,6,,,,2,,,,,,,,,,,,,,,,,,,,,,,,,,1,1,,,,,4,2,,,,,,,1,2,,,,,1,,,,,,,,,,,,,,3,3,,,,,,,,,,,,,,,,,,,,,,,,,,,,,,,,,,,,,,,,,,,,,,,,,,,,,,,,,,,,,,,,,,,,,,,,,,,,,,,,,,,,,,,,,,,,,,,,,,,,,,,,,,,,,,,,
D21VsjNL2LB,Monduli District Council,TZ.NT.AS.MN.1,,2,2,1,4,1,2,10,3,1,1,5,3,1,,,2,,2,,1,,2,2,,,,,1,1,1,1,2,3,1,1,2,,2,2,,5,,2,2,,,,,,,2,4,,1,21,17,,,,,,,1,1,1,,2,2,,,,,,,,1,,,1,1,,,2,,,,,,,1,,,,,,,,,7,,,,1,1,,,,,,,,,,,,,,,,,,,,,,,,,,,,,,,,,,,1,,,,12,2,,,,,,,,,,,,,,,,,,,,,,,,,,,,,,,,,,,,,,,,,,4,,,,,,,,,,,,,1,,,,,,,,,,,,1,,,,1,,,,,1,,,,,,,,,,1,,1,,,1,,,,1,
PHWaJvzTmL8,Ngorongoro District Council,TZ.NT.AS.NO.5,,,,,,1,2,,,,1,3,1,,,,,,,6,1,,,2,2,,,,,1,2,1,,,,,,3,8,13,11,,,6,4,6,5,10,7,,,3,1,,,3,2,2,1,11,5,1,,1,3,,,4,3,,,3,2,,,,,,,1,,,,1,4,3,3,4,4,,,2,3,,1,3,2,,1,,1,,,,,,,8,7,,,,1,,,1,3,1,,1,2,,,,,,,,2,,,1,1,,,2,2,,,,,,,,,,,1,,,,2,,,,,,,,1,,,,,1,,,,,,,,1,,,1,,,,,,1,,,,,,,,,,,,,,1,,,,,,,,,,,,2,1,,,,,,,,,,,,,,,1,1,,,,,2,,,,,,,,,,1,
xe93MrFXOYV,Ilala Municipal Council,TZ.ET.DS.IL.2,,2,4,8,15,,,,,,,,,,,7,7,,,11,6,3,1,8,11,,,,,4,,,,,,4,1,,,10,8,,,12,5,,,1,,,,5,4,,,,,,,,2,,,,,,,,1,1,,7,5,,,1,2,,,,1,,2,13,8,,,4,3,,,,1,7,6,17,18,9,6,16,18,9,6,18,18,,,,,,,,,,,,,,,1,,,,,1,,,,,,,,,,,,,,,,1,,,,,,,,,,,,,,,,,,,,,,,2,2,,,,,,,,,,,,2,,,2,,10,17,4,7,,,,,,,1,1,,,,,,,,,,,,,,,,,,,,,,,3,1,,,,1,,,,,,1,,,,,1,,,,,,,,,
TNttitmiKti,Kigamboni Municipal Council,TZ.ET.DS.KG.4,,,,1,,,,,,1,,,,,,5,,,1,1,5,,,3,1,1,,,,,,,,,,1,,,,,,,,3,1,,,1,1,,,1,2,,,4,10,,,1,3,,,1,,,,2,2,,,,1,,,1,,,,1,,,,1,,,,,,,,1,,,,,,,,,,,,,,,,,,,,,,,,,,,,,,,,,,,,,,,,,,,,,1,,,,,,,1,1,,,,,,,1,,,,,,,,,,,,,,,,4,8,,,,,,,,,,,,,,,1,,,,1,,,,1,,,,,,,,1,1,,,,,,,,,,,,,,,,,,,1,,,,3,,,,,,,,,,,,,,,,1,3
ts6eEeUjcfO,Kinondoni Municipal Council,TZ.ET.DS.KN.1,,2,1,207,105,3,1,1,2,7,5,14,8,3,4,14,7,,,1,1,,,3,4,2,1,80,55,2,1,11,6,3,1,2,5,5,4,41,27,1,2,30,26,2,4,17,14,2,1,3,1,2,2,3,2,,1,1,,,,,,3,2,4,7,2,2,5,5,3,4,6,6,4,5,10,5,7,3,29,35,2,2,6,4,2,1,3,2,,,1,2,,,5,4,,,1,,2,1,2,1,,,3,,,,3,,,,,,,,5,4,,,,,,,1,2,3,5,,1,,,6,2,1,,,2,,,,,,,1,1,,,,,3,,23,21,,,,,,,1,,,,,,,,3,1,,,,,,,4,9,1,,61,39,3,1,6,16,,,,,,,,,,,,,,,,,,,,,,,1,,,,1,1,,,,,,,,,,,,,,,,1,,,,
HIOQoi1aeL8,Temeke Municipal Council,TZ.ET.DS.TE.3,,,1,,4,2,4,29,34,,,3,,,,,2,,,,,1,2,3,4,,,1,3,,,5,7,,,6,7,,,1,1,,,7,10,,,5,5,,1,,2,,,,,,,6,4,,,2,,,,4,5,,,8,,1,2,13,1,,2,19,3,,1,14,1,1,1,1,,,,2,,,,22,4,,1,2,7,3,4,17,21,,,3,5,2,5,72,95,,,,,,1,4,5,,1,20,14,,,,1,,,7,6,2,2,25,15,2,5,2,1,,1,60,79,,,,,,,5,2,,,13,11,,,,,,,,,,,1,,,,3,2,,,12,22,,,,,1,,6,5,,1,1,2,3,2,4,5,1,,40,26,,,4,2,,,4,4,,,3,4,,,14,14,2,4,4,2,1,,10,6,,,16,7,,,6,3,,,,,,,4,8,1,,6,
DvHoBaCDtec,Ubungo Municipal Council,TZ.ET.DS.UB.1,,1,,5,5,,,,,,,,1,,,5,4,,,1,,,,,,,,2,1,,,2,9,,,,,,,1,,,,1,2,,,,,,,2,1,,,1,,,,1,3,,,2,1,,,,,,2,18,17,,,,,,,1,1,,,4,8,,,5,4,,,,,1,,,1,,,,,,,,,,,,,,,1,,,,,,,,,,,,,,1,1,,,,,,,,,,,,,,,,,10,21,,,,,,,,,,,,,,,,,,,,4,,,4,3,,,1,1,,,,,,,,,,,4,5,,,5,8,1,,3,1,,,,2,,,,,,,1,,,,,1,,,,,,,,,,,,,,,,1,,,1,,,,,,,,,,,,,
Ak1TMj0oYc7,Bahi District Council,TZ.CL.DO.BA.6,,,,,,,,,,,,,,,,,,,,,,,,1,,,,,,,,,,,,1,,,,,,,,,,,,,,,1,,1,,,,,,,,,,,,,,,,,,,1,,,,,,,,,,,,,,,,,,,,,,,,,,,,1,,,,,1,,,1,4,,,,,,,1,1,1,,,,,,,,,,4,5,,,,,,,,,,,,,,,,,,,,,,,,,,,2,,,,,,,,,,,,,,,,,,,,,,,,,,,,,,,,,,,,,,,,,,,,,,,,,,,,,,,,1,1,,,,,,,,,,,,,,,,,,,1,1,,,,,,,,
yiR1QdOwPqP,Chamwino District Council,TZ.CL.DO.CW.4,,1,,2,,1,1,,2,,1,,,,1,4,6,,,,,1,,,,,,2,1,1,1,4,2,,,4,1,,,,,1,,1,1,,,1,3,,,,,,,,,,,,,,,,,1,,1,1,,1,1,2,,,,,,,,,,,,,,,,,,,1,1,,,1,,,,,,,,1,,,,,,,,,,,,,,,,1,,,1,,,,,2,1,2,1,,,,,,,,,1,,,,,,,,,,,,1,2,,1,,,,,,,,,,1,,,1,,,,,,,,,,1,,1,1,,,2,1,,,,1,,,2,4,,,1,,,,1,,,,,3,,,,3,,,,,,,,1,,,,1,,,,,,,,1,,,1,,,,,,,,,
Fez1Dp8bXSk,Chemba District Council,TZ.CL.DO.CM.7,,,,,,,,,,,,,,,,1,,2,1,,1,,,1,,,,,,,,,,,1,,1,,,,,1,,,,1,1,1,,1,1,,1,,,,,,,1,,,,,,,,,,,,,,,,,,,,,,1,,,1,,,,,,,,,,,,,,,,,,,,,,,,1,,,,,,,1,,,,,,,,1,2,,,1,2,,,4,2,,,2,1,,,2,2,,,,,,,,,,,,,,,,,4,2,2,4,,,3,2,,,,,,,,,,,,,,,,,,,,,,,1,,,,,,,,,,,,,,,,,,,,,,,,,1,2,,,,,,1,,,,2,,,,,,,,1,1,,,1,,,,,
OzGGHqXQn5p,Dodoma Municipal Council,TZ.CL.DO.DO.5,,,,4,1,,,1,4,3,4,7,5,3,5,18,19,4,2,3,2,,,4,3,1,,1,,1,,3,,10,9,20,24,,,1,1,,1,1,4,,,3,1,,1,5,4,,,,,1,,1,1,,,12,7,,,6,7,3,1,8,5,,1,3,7,9,14,17,43,,,8,5,,1,2,1,,,,1,1,,4,1,,,4,1,,,,,,,3,,15,11,79,76,22,19,24,13,4,6,11,18,,1,7,5,2,1,11,1,,,11,4,3,2,23,21,3,,8,8,,,9,10,8,8,26,6,,,6,6,1,,,1,1,,1,2,,,5,5,,,,,,,5,5,,,1,6,,1,8,13,,1,8,6,3,1,3,15,3,,1,5,,,9,6,1,,4,4,3,,2,2,,,18,14,,1,4,4,1,1,17,17,8,,10,19,2,,3,,,1,3,6,,,5,5,,,1,1,6,3,40,68
yTTjcYh4xqa,Kondoa District Council,TZ.CL.DO.KO.1,,,,1,,,,,,,,,,,,,,,,,1,,,2,1,,1,1,1,,,1,1,,,,,,,,,,,3,1,,,,,,,,,,,1,,,,2,,,1,4,2,,1,1,,,,1,1,3,,,2,,,,1,,,,,,,,,,,,1,,,,1,1,,1,1,,,,,,,,,,,2,1,,,17,16,,,,,,,12,6,,2,,1,,,,,,,,,,,1,,,,,,,,,,,,,,,,5,8,,,,,,,,,,,,1,,,,,,,,,1,,,1,,,,,,,,,,,1,1,,,1,,,,,,,,,,,,,1,,,,,,,,,,,,,,,,,,,,,,,1,,,,,,,,,
tn4J9iYIv7I,Kondoa Town Council,TZ.CL.DO.KO.2,,,,,,,3,,,,,,,1,,,,2,3,17,18,,1,3,5,,,,,,,,,,,,,,,,,3,1,15,9,,,2,1,,,1,,1,6,10,14,,,9,14,,,,,,1,,,,,2,,5,1,24,19,,,,,,,,,,,,,,,,,1,1,1,1,1,,,,,,,,,,,,,,,,1,,,,,,19,6,,,,5,,,,2,5,1,5,1,2,2,4,2,3,2,4,2,,,3,3,2,1,5,4,,,9,6,3,,5,6,,1,11,1,,,2,1,,1,3,1,,1,4,,1,,7,2,2,,1,4,2,,7,3,1,1,10,7,1,1,6,2,,,6,7,2,,1,4,,,2,5,1,2,2,,3,1,1,1,,,3,6,,,,,,,,,1,,,1,,,,,,,,,,,,
DTc1rxSmlde,Kongwa District Council,TZ.CL.DO.KW.3,,,,,,,1,2,,1,2,5,1,2,,3,2,1,1,4,3,2,1,2,,,,1,2,,,,,,,,2,,,,,,1,,1,7,9,6,9,2,1,4,2,3,3,2,2,,,1,1,,,1,1,2,1,7,4,3,3,11,5,2,4,11,5,,,,,5,3,10,58,6,3,9,6,,,,,3,2,7,4,5,3,9,4,,,,,,,1,,4,5,7,9,3,4,4,13,,,,,,2,1,3,,,1,2,,,1,,,,,3,,,4,7,,,,,1,,14,9,,,1,,,,,,,,,,,,2,1,,,,,,,,,,,1,,,,1,2,,,,,,,,,,,,,,,,,,,,,3,2,5,6,7,5,9,3,1,,1,2,1,,4,3,,1,,,,,2,,,1,1,2,,,,,,,,,,,4,10
P5H056daq2I,Mpwapwa District Council,TZ.CL.DO.MW.2,,2,1,3,2,,,,,,,,,,,,,1,,3,2,,1,3,2,,,,,,,,,,1,,,,,,1,,1,,,,,,,,,,,,,,,,,,3,,,2,,,1,1,,,,3,,,,1,1,,,,,,,,2,,,,,,1,,1,1,1,,2,,,1,2,,,,1,,1,2,1,,,1,1,,,,2,,,2,2,,,,,,,1,,,,,,,,,,,,1,3,,,1,1,,,,,,,,,,,,,,,,,,,2,1,,,,,,,,,,,,,,,,,1,1,1,1,,,,,,,,,,,,,,,1,,,,,1,,,1,,,,,1,1,1,1,,,,1,1,,,,1,,,,,,,1,,,,1,1,,,,
plSLZJGUHZb,Bukombe District Council,TZ.LK.GE.BK.4,,,,2,,,,,,1,3,2,1,,1,,2,,,,,,,,1,,,,,,,,,,,,,5,3,2,1,,,5,2,,,,,,,2,,,,,1,,,1,,,,,,,,,,,,,,,,,,,,1,1,,,,,,,,,,,,,,,,,,,1,1,1,,,1,,,,1,,,,,,,1,,,,,,,,,1,,,2,,,,,,,,,,,,1,3,,,1,1,,,2,,,,1,2,1,,,,,,,,,,1,,,,,,,,,,,,,,1,,,,,,,1,,,1,,,,,1,,,,,,,,,1,,1,,,,,1,,,1,,,,,,1,1,1,3,,,,,,,,,,,,1,,,,1,,,1,
IZAkMaffRh8,Chato District Council,TZ.LK.GE.CT.5,,1,,3,3,1,,4,2,5,4,2,2,,,6,3,1,,7,9,2,1,7,9,2,1,4,5,1,,4,3,,1,5,1,1,1,5,2,,,1,1,2,,1,,,1,,,1,1,5,5,,,,,,,2,2,,1,5,,1,,2,3,,,,,,,1,1,,,,,,,,,,,1,5,,2,4,9,1,,8,13,,,1,,,,,2,,,,,,,,,,,,,,,,2,,,,,,,,,,,1,,2,,2,3,2,2,3,5,,,,,,,,,,,,,,,,,,,,,,,,1,,,1,1,,,1,,,,,,,,,,,,,,,,,,,,,1,,,1,,,1,1,,,,1,,,,1,,,1,,,,,9,16,,,1,,,,2,1,1,,1,,,,1,,,,,
saOGTLvMX4F,Geita District Council,TZ.LK.GE.GE.1,,10,10,2,1,1,2,3,2,,2,5,10,1,,2,4,1,5,5,4,,,2,2,,,1,5,,,2,,,,9,6,2,3,5,9,,,5,3,1,,2,,,,1,,,,,,2,1,,,,,,,1,1,,2,,2,,1,,,,,,,1,,,1,4,2,,,1,1,5,2,12,20,2,,1,1,,,,,3,12,22,13,,,4,5,,,1,,,,1,,,,,,,,,,1,,,,,,,1,,1,2,1,,1,1,,1,,,3,,,,,,,2,5,,,,,,,,1,,,,1,,,,,,,,3,,,,,,,1,,1,,,2,,,,,,,1,1,,,,1,,,,2,5,4,16,8,1,,1,,,,1,1,,,3,2,,,,,,,2,2,,1,,,,,,,,,,,,,1,1
fSZfOuCkmAb,Geita Town council,TZ.LK.GE.GE.2,,3,3,5,5,6,8,7,8,,,8,10,3,4,16,17,3,5,10,8,2,3,15,18,,,1,2,4,7,20,10,9,7,64,51,6,7,14,17,3,4,4,5,8,7,5,5,7,3,4,9,,,2,,4,6,3,7,,,2,,1,3,8,8,,,5,10,1,1,9,7,2,1,2,2,,,,,,,,2,3,,6,3,,,6,4,,,,,,,6,7,,,,,2,4,6,7,,,3,1,,,3,2,3,2,7,15,,,,,,,1,3,1,,1,3,,,1,2,,,8,5,,1,4,,,1,4,,,2,10,1,,1,2,1,1,,,,,,2,2,,,,,,,5,2,,,1,1,1,,,,,,5,1,1,3,23,6,,3,1,1,3,4,23,15,2,,6,4,,1,5,4,,,9,4,6,1,13,27,2,1,5,,,,3,,,,2,1,,2,5,2,,,7,2,1,,,
RCDM6DotMZw,Mbogwe District Council,TZ.LK.GE.MW.3,,,,2,1,,,,,1,1,3,,2,2,3,3,,,,,,,,,,,,,,,2,1,,1,1,2,,,2,,,,,,,,,,,,,,1,,,,,1,2,2,,,,,,,,,,,,,,,,,,,,,,,,,,,,,1,1,6,4,,,,,,,,,1,1,1,2,,,,,,,,,,,,,,,,,,,10,10,,,,1,,,,,1,,,,,,,1,,,,,,,1,,,,1,1,,,2,2,,,,1,,,,1,,,,,,,,,,,,,,,,,,,,,,,,1,,,,,,,6,,,3,6,2,2,5,3,1,,,,,,,,1,1,,,1,3,3,1,1,,,,,,,,4,,,2,2,,,,1,1,3,2,
G9VxK1Dmkpc,Nyang'hwale District Council,TZ.LK.GE.NH.2,,2,1,6,7,,,,,,,,,,,,,,,,,,,1,,,,,,,1,,,,,2,1,,,2,1,,,2,1,2,,3,2,,,,,,,6,8,,,,,1,1,1,3,,1,,,,,,,,,2,3,,,,,,,,,,,,,,,,,,,,,,,,,,,,,,,,,,,,,,,,,,,,,,,,,,,,,,,,,,,,,,,,,,,,,,1,1,1,,,,,,,,,,,,,,,,,,,,,,,,,,,,,1,,1,1,,,,,,,,,,,,,,,,,,,,,,,,,,,,,,,,,,,,,,,,,,,,,,,,,,,,,,,,,,,,
tcZz4Bh4mqc,Iringa District Council,TZ.SH.IG.IG.1,,,,4,2,3,1,1,4,,,3,3,,,3,2,,,5,5,1,,1,,1,2,8,5,,,7,3,,,2,4,2,,1,1,,,4,3,,,1,3,,,5,,,,,1,,,3,1,,,,,,,3,5,1,,3,1,,,,2,,,2,1,,,3,3,,,,5,,,2,3,1,,2,3,,,,,,,1,2,,,2,2,,1,1,1,,,,1,2,1,2,2,,,1,,,,3,1,,,,1,,1,,1,,1,2,1,,,1,1,,,,,,,2,4,,,,1,,,,,,,3,1,,1,,1,,,1,,,,2,,,,,1,,,,,1,,,,,,,,,,,,,,1,1,,,,,,,1,,,,,,,,,1,,,,1,,,,,,,1,1,,,1,1,,,,,,,1,
vo788oc0NEn,Iringa Municipal Council,TZ.SH.IG.IG.3,,,,1,1,4,3,5,,1,,,,,,,2,,,2,1,,1,4,2,,1,5,2,,,,1,,,4,3,,,2,,,1,1,,1,,7,3,2,1,5,3,2,1,7,9,1,3,1,3,1,,1,3,,,,1,2,,3,5,1,,3,1,1,,6,2,,,1,2,,,,1,,,1,,3,2,3,1,,,1,,,,,1,,,1,,,1,,,,,,,,,2,,,,,2,,,1,2,,,1,,,,,,,,,1,,1,2,2,,,4,3,,,,,,,1,1,,,6,11,,,1,1,,,2,,,,,,,,,,,,1,2,1,,2,1,,2,4,6,1,,2,,,,2,,,1,1,,,,2,2,,,2,,,,,1,,,2,,3,,3,1,,,,1,,1,2,1,,,1,3,,1,2,,,,1,5
xBWOfftpkLT,Kilolo District Council,TZ.SH.IG.KO.4,,,,1,,,,,,,,1,4,,,3,1,,,,3,,,,,,,,,,,1,,,,2,1,,,,,,,,,,,,1,,,1,1,,,2,,,,,,,,,,,,,,,,,,,,,,,,,,,,,,,,3,2,,,,,,,1,1,1,1,,,,,,,,,,,,,,1,,,4,4,,,1,,,,,,,,,,,1,1,1,1,,2,3,1,,4,3,,1,,,,1,1,5,,,,1,,,,1,,,,,,,1,2,,,1,,,,1,,,,,,,1,1,,,,1,2,,,,2,,,1,,,,,,,,1,,,,,2,,,1,,,,,,,,1,,,,,1,,,,,,,1,,,,,,,,1,2,,,1,
chzBato6xed,Mafinga Town Council,TZ.SH.IG.MG.5,,,1,,1,,,1,1,,,,1,1,,,,,,,,,,,1,,,3,10,,,,2,,,,,,,,,,,,,,,1,,,,1,1,1,1,2,4,,,1,,,,,,,,,,,,,1,,,,,,,,,,,,,,,,,,,,,,,,,,,,,,,,,,,1,2,,,,1,,,1,,,,3,1,,,,,,,,,,,,,,,,,,,,,,,,,,,,,,,2,,,,,,1,,,1,,,,,,,,,,,,,,,,,,,,,,,,,,,,1,,,,,,,,3,,,,,,,,,,,,,,,,,,,,,,,,,,,,,,,,,,,88,67,,,2,4,,,,
ppnbxB0TxjG,Mufindi District Council,TZ.SH.IG.MF.2,,1,1,1,,,,2,3,1,1,3,5,2,1,14,14,,,5,2,,1,,4,,,4,7,,,,,1,,,3,,1,1,2,,,2,2,,1,1,1,,,3,1,,,2,1,,,1,,,,,1,,,,1,,,14,23,3,1,5,6,,,,1,,,2,,,,1,7,,,,1,,,,1,,,,,1,1,6,7,,,5,12,,,,,,,,1,,,,,,,,,,,,,,,1,1,,,1,2,,,,,,1,3,,,,3,2,,,,,,,2,2,,,,,,,1,1,,,,,,,,1,,,,,,,,,1,,1,,,,,,,,1,,,,,1,,,,,,,7,7,,,1,,,,,1,,1,,1,,,4,9,,,,,,,,,,,,,,,,,,,,
yz7jPBCDXlX,Biharamulo District Council,TZ.LK.KR.BI.4,,,,1,,,,,1,,2,,1,,,,,,,4,8,,1,20,6,10,11,14,16,,1,11,9,14,7,5,8,1,1,12,12,,,1,1,,,1,,,,,,3,5,8,7,5,6,7,7,2,,2,,,,,1,,,2,1,1,3,13,3,,,1,,3,1,5,4,,,,,,2,,,2,,,1,,,,1,,,,,,,,,,,,,,,,,,,,,6,,,,,,,,,,,,,,,,,,1,,,,1,4,,,3,,,,2,1,,,6,,,,2,,,,1,1,,,,,,,1,,,,,,,,,,,,,,,,,,1,,,,,,,1,,,,1,,,,,,,,1,2,2,1,3,,,1,,,,,,4,3,2,5,2,3,5,4,2,1,,,3,4,1,,1,1,4,5
LoPF5WqswyW,Bukoba District Council,TZ.LK.KR.BU.2,,,,1,1,,,,,,,1,,,,2,3,,,1,2,,,1,2,,,1,2,,,,,,,,,,,3,1,,,3,,,,1,,,,4,2,,,1,,,,,,,,1,,1,,3,1,,,4,2,,,2,1,1,,2,1,,,,,,,2,3,,,1,,,,2,,1,1,,1,,,,1,,,,,,,,,,,,,,,,,,,,,,,,,,,,1,9,5,5,11,9,8,5,12,9,12,4,5,,,,,,,,,4,2,9,8,8,13,3,4,,,2,2,,,,,,,,,2,6,4,2,,,,,,,3,1,,,,,,,,,,,,,,,,,,,1,,,,1,,,,,4,,,,,,,,,,,,,,,,,,,,,,,,,,,,
PM74xoecSpJ,Bukoba Municipal Council,TZ.LK.KR.BU.6,,,,3,,,,,,,,,,1,,,,,,3,1,1,,,,,,1,,1,,,,,,1,2,,,,,,,,,,,,,,,,,,,,,,,1,,,,,,2,,1,1,,,1,,,,1,,,,,,,,,,,1,3,1,,,,,,,,,,,,,,,,,,,,,,1,,1,,,,,,,,,1,,,1,,,,,,,,1,,,,1,,,,,,,1,,,,,,,,,,,,,,,,1,1,,,1,,,,1,,,,1,,,,,,,,1,1,,,1,,1,1,1,1,,,3,2,,,,,,,,,,1,2,2,,,,,,,,,,,,,,,,,,,,,,,,,1,,,,,,,,,,,
YFPElmUhUok,Karagwe District Council,TZ.LK.KR.KW.1,,,,1,1,2,1,1,1,,,,,,,,1,,2,,,,,1,,,,,,,,,,,,1,,,,,,,,,,,,,,,,,,,,,,,,1,,,,,,,,,,,,,,,,2,3,,,,,,,,,,,,,,,,,,,1,1,4,2,5,3,,,3,5,,,2,,,,1,,,,,,,1,,,,,,,,,2,5,,,,,,,2,,,,,,,,,,,,,1,,,,,,,2,1,,,2,,,,,2,,,4,,,,4,2,,,2,1,,,,,,,,,,,1,,,,1,2,,,,,,,,,,,1,1,,,,1,,,,1,,,1,3,,,,,,,,,,,,,,,,,,,,,,,,
LdzOZ9hNTwH,Kyerwa District Council,TZ.LK.KR.KY.8,,,1,1,1,,,,,,,1,,,,1,1,,,2,3,1,,5,1,1,,,1,,,,,,1,12,6,,,1,1,,,1,1,,,,,,,,1,1,,2,1,,,,,,,1,,,,3,4,,,,,,2,1,3,,,,,,,2,1,,,,,,,,,,,,2,,,1,,1,,,,,,2,2,,1,1,3,,,,,,,1,3,,,,2,,,,,,,,,,1,3,2,,,,,,,1,,,,1,2,,,,,,,3,,,,,,,,,1,2,,1,7,2,,2,1,,,2,1,,1,,,,,,,,,,1,2,,,2,,,,2,,,,1,,,,1,,,1,,,,1,,,,,,,,,,,1,,1,,,,,,,,1,,,,,,,,1
F8NIzb16wVU,Missenyi District Council,TZ.LK.KR.MN.7,,2,1,4,5,,,,,1,2,,2,,,4,3,,,,,,,1,1,,,1,1,,,3,2,,,,,,,,1,,,,,,,,,,,6,4,,,2,,,,,,,,,,1,,3,4,,1,2,5,,,,,,,1,,,,1,1,1,,3,,,,2,1,,,1,,,,,,,,1,1,,,,,,,,,,,1,,,,,,,,,,,,,,,,,,,,1,1,,,1,2,,,1,1,,,,,,,,,,,,1,,,,,,,,,,,,,,,,1,,,,1,,,,,,,1,,1,,,,,3,1,,,,,,,,,1,,,,,,,,,,,,,,,,,,,,,,,,,,,1,,,,,,,,1,1,,,,1
wIjscdPZF3N,Muleba District Council,TZ.LK.KR.ML.3,,,,2,,1,,4,,2,2,,,2,1,11,14,,,5,2,,,,,,,,,,,,,1,,,,,1,4,5,1,,4,3,,,6,8,,,4,7,,,6,4,,1,5,5,1,,8,3,,,3,1,,,,,,,,,,,,,,,1,,,,1,,,,,,,,,,,,5,3,,,4,1,,,,,,,,,,,2,1,,,24,27,,,1,,,,,1,,1,,1,3,4,29,50,,,1,,,1,1,,,,,,,,,1,,,,,,,1,4,,,4,,,,,1,,,,1,,,4,1,,,2,,,,1,,,,1,1,,,,,,1,,,,,1,2,,,,,,1,,1,,,,,,,,,,,,,,,,,,,,,,,,1,1,,2,5,1,,1,
XLrownkhsKI,Ngara District Council,TZ.LK.KR.NG.5,,,1,6,2,,,,,2,2,,,2,,1,1,,2,,,,,,,,,2,2,,,2,1,,,3,2,,,,,,,2,1,,,1,1,,,1,2,2,2,,,,,2,2,,,,,,,1,1,,,,,,,1,,,,,,,,,,,,,,,,,,,,,1,,,,1,,,1,,,1,3,4,,,,,,,3,1,,,,2,,,1,,,,1,,,,,,,,1,2,1,1,2,4,1,,1,1,,,,1,,,,2,,,,,,,,,,,,,,,,,,1,,,,,1,,,,,,,,1,2,,,,,,1,2,1,,,,,,,,,,1,,1,,,1,1,,1,1,,,,,1,,,,,,,,,,,1,,,,,,,,,,,,,
cjlkhW8VMDO,Mlele District Council,TZ.SH.KA.ME.3,,,,,,,,,,,,,,,,,,,,,,,,,,,,,,,,,,,,,,,,,,,,,,,,,,,,,,,,,,,,,,,,,,,,,,,,,,,,,,,,,,,,,,,,,,,,,,,,,,,,,,,,,,,,,1,,,,,,,,,,,,,,,,,,,1,,,,,,,,,,,,,,,,,,,,,1,,,,,,,,,,,1,,,,,,,,,,,,,,,,,,,,,,,,,,,,1,,,,,,,,,,,,,,,,,,,,,,,,,,,,,,,,,,,,,,1,,,,,,,,,,,,,,,1
jupsOTyKi1W,Mpanda Municipal Council,TZ.SH.KA.MP.1,,,,2,,2,8,6,7,,1,5,2,2,4,5,8,1,,13,5,1,2,6,9,,1,5,5,1,2,3,5,4,3,5,7,,1,1,3,,1,,,1,,,2,,,,,,,,,,,,,2,1,1,,2,1,2,,,,,,,,,,,,2,,,,,,,,,,1,,2,,,,,2,,,1,3,,,,2,,,,1,,,2,2,,,,,,,,,,,,1,,,,1,,,,,,,2,,,,,,,,2,,,,,1,,,,,,,,,,1,,2,,,,,,,,2,,,,1,,,3,,,,,,1,,,4,,,,,,,1,,,,,,,,1,1,,,,1,,,1,3,,,,,,,2,,,,,,,,,1,,,,,,,5,6,,,1,,,,,1
NCnwqVfx8j4,Mpimbwe District Council,TZ.SH.KA.ME.5,,,,,,,,,,,,,,,,,,,,,,,,,,,,,,2,1,1,2,2,1,3,1,,,2,2,1,,,,,,,,,,,,1,3,2,7,,,2,1,,,,,,,,1,1,,1,5,,2,5,6,3,2,4,3,1,,2,1,1,,4,,,,,,,,,,,,,,,,,,,,,,,2,2,4,,,,,,,,1,1,,,,,,,,1,,14,13,,,1,,,,,1,,2,5,9,,,1,,1,,,,,,,,,,,,,,,,,,1,1,,,1,1,,,,,,,,,,,6,4,,,,,,,,,,,,,,,,,,,,,1,,,2,,,,,,,,,,,,,,,,,,,,,,,,,,,,,,,,
PKl52zU7vuH,Nsimbo District Council,TZ.SH.KA.ME.4,,,,,,,2,4,2,1,,2,1,,,,1,,,2,5,,,,,,,1,,,2,1,1,,,2,2,,,2,,1,,2,3,,,,,,,3,1,,,,,,,,,,,,,,,,,,,,,,,,1,,,,,,,1,,,,1,1,,,,,,,1,1,,,,1,,,,,,,,,,,2,,,,,,,,,,,,1,,,,4,1,,,,,,,,,,,,,,,,,,,,,1,1,,1,,,3,2,,,1,,,,,,,,,,,,1,,,,,,,,,,,,1,,,,,,,,,,,,3,1,,,,1,,,1,1,,,1,,,,,,,,1,,2,,3,1,,,1,,,,1,,,,,,,,,,,,,
aVLidCZ2RYk,Tanganyika District Council,TZ.SH.KA.MP.2,,,,1,,,,,,,,,,,,2,1,,,,,,,,,,,,,,,,,,,,,,,,,,,,,,,,,,,,,,,,,,,,,,,,1,,,,,1,,,,,,,,,,1,,,,,,,,,,,,1,,,,,,,,1,,,,,,,,,,,,,,,,1,,1,,,,,,,,,,,,,,,,,,1,1,,,,1,,,,,,,3,2,,,,,,,,,,,,,,,,,,,,,,,,,,,,1,,,,,,,,,,,,,,,,,,,,,,,,,3,7,12,19,,,,,,,1,1,,,,,,,,,,,,,,,,,,1,,,,,,,,,,
yPCs2xE66we,Buhigwe District Council,TZ.WT.KM.BW.6,,,,1,,3,2,6,7,,,,,,,1,2,,,,,,,,,,,,,,,,,,,,,,,,,,,,,,,,,,,,,,,,,,,,,,,,,,,,,,3,,,,,,,,,,,,,,,,,1,,,,1,1,,,1,,,,,,,,2,,,,,,,,1,,,,,,,,,,,,1,,,,,,,,,,,,,,,,,,,,,,,,,,,,,,,,,,,,,,,,,,,,,,,,,,,,,,,,,,,,,,,,,,,,,,,,,,,,,,,,,,,,,,,,1,,,,,,,,,,,,,,,,,,,,,,,,,1,,,,
T3A9X81ABG3,Kakonko District Council,TZ.WT.KM.KK.7,,,,1,,,,,,,,,,,,,,,,,,1,,2,,,,2,1,,,,,1,,1,2,,,2,,,,1,,,,,,,,3,1,,,2,,,,,,,,,,,,5,9,,,2,1,,1,,,,1,3,6,,,,2,,,,1,,,,,,,,,,,,,,,,,,,,1,,,,,,,,,,,,,,,,,,,,,,,,,,,,1,,,1,1,,,,,,,,,,,,,,,,,,,1,,,,,,,,11,14,,,1,,,,,,,,,,,,,,,,,1,,,,,,,,,,,2,1,,,,2,,,,,,,,,,1,1,,,,,,,,,,,,,,,,,,,,,,,,,
zfwo4rq1XC3,Kasulu District Council,TZ.WT.KM.KS.2,,1,1,,,,,1,3,1,,6,6,,,,1,,,1,,,,,3,,,2,,,,,,,,,,,,2,,,,,,,,,,,,,1,,1,,,,,1,1,,,,,,,,,,,,,,1,,,,,,,,,,,,,,,,,1,1,,,,,,,,,,,2,,,,,,,,,,,1,1,,,,1,,,,,,3,,,,,,,,,,,1,,,1,,,,,1,,,1,1,,,,1,,,,,,,,,,,,,,,,,,,,,,,,,,,,,,,1,1,,,,,,,,,,,,,,,,1,,,,1,,,,,,,,,,,,,1,,,,,,,1,,,,,,,1,1,,,1,2,,,,
IfQ2Sjbfdme,Kasulu Town Council,TZ.WT.KM.KS.8,,,,3,2,,,5,2,,,1,1,,,3,3,,,1,2,,,3,1,,,,,,,,2,,,,,1,,,,,,,1,,1,,1,,,4,2,,,,1,,,,,,1,,,1,2,2,4,,,,,,,,,,,1,,,2,3,,,,1,2,,,,1,,,,,,,,1,,,3,3,,,1,1,,,,,,,2,2,,,1,,,,,,1,1,1,2,,,2,2,,,,2,,,,1,,,,3,,,,,,,,,,,,1,,,3,,,1,,,,,,,,,,,,,,,,,,1,,,,,,,,1,,,,,,,,1,,,1,2,,,,2,,1,1,4,,,,,,,2,2,,,1,,,,1,,,,,1,1,1,,,,,,,4,2,4,10
duES2Gfgvpw,Kibondo District Council,TZ.WT.KM.KD.1,,,,,,,,,,,,,,,,2,,3,3,,,,,,1,,,,,,,,,,,,,,,,,,,,,,,3,,,,1,3,,,,,,,3,,,,,4,,,6,7,,,,1,,,,,,,1,5,,,3,2,1,,1,1,,,,,,,3,6,,,,,,,,2,,,,,,,2,,,,,,,,,,,,,,,,,,,,,,,,,1,,,,,,,,,,1,1,1,,,,1,,1,2,,3,9,9,7,,,2,2,,,6,,,,,,,,2,,,,,,,1,5,6,,,,,,,6,4,,,2,,,,,,,,,,,,,,,,,,,,1,,,,,,,,,,,,,,,,1,,,,1,,,,,
lQOxGNRaklm,Kigoma District Council,TZ.WT.KM.KG.3,,,,1,1,,,,,,,1,,,,,1,,1,3,3,,,,,,,1,1,,,1,1,,,,,,,1,,,,2,4,,,,,,,,,,,2,,,,,,,,1,,,,,,2,1,1,2,,,1,,,,,,,,,,,,,,,,,,,,,1,,,,,,,,,,,,,1,,,,,,,,,,,,,,,,,,,,,,,,,,,,,,,,,,,,,,2,,,,,,,,,,,,,,,,,,,,,,,,,,,,,,,,,1,,,,,1,,,,,,,,,,,,,,,,,,,,,,,,,,,,,,,,,,,,,,,,,,,,,,,,,,,,,,,
dIiTyLaZAEb,Kigoma Municipal Council,TZ.WT.KM.KG.4,,,,,,,,1,,,1,2,1,,,,,,,1,1,1,,2,1,1,2,,,,,,,,,2,4,,,,,,1,,,,,1,5,,,1,,2,,,2,,,1,2,,,,,,,,,,,1,1,,,,3,3,4,3,3,,,3,,1,,2,3,,,,,,1,,,,,,,,,,,,,,,,,,,,,,,,,1,,,,1,1,,,,,,,1,,,,,,,,1,1,,,,,,,,,,,,1,,,1,,,,,,,,,,,,,,,,,,,,1,1,,,,,,,,,,,,,,,,,,,,,,1,2,1,,,1,,,,1,3,,,1,,2,1,2,1,,,,,,,,,,,,,,,,1,,,,,,,1,
dt0Q0NhyPty,Uvinza District Council,TZ.WT.KM.UV.5,,,,4,3,,,,,,,,,,,1,,,,1,,,,,,,,1,2,,,,,,,2,,,,1,2,,,,,,,,,,,,,,,,,,,,,,,,,,,,,,,,,,,,,,,,,,,,,,,,,,,,,,,,,,,,,,,,,,,,,,,2,,,,,,,1,1,,,,,,,,,,,,,1,,,,,,,1,,,,,,,,1,2,,,1,1,,,,,,,,,,,,,,,3,4,,,2,3,1,,1,,,,,,,,1,1,,,,,,1,,,,,2,,,,,,,,,,,,,,,,,,,,,,,,,,,,,,,,,,,1,,,,,,,,,,
MiLb81EwC7j,Hai District Council,TZ.NT.KL.HA.5,,,,,,,,,,,,,,,,,,4,1,2,5,,,,,,,,1,,,,,,,1,,,,,,,,,2,1,,2,,1,,1,,,,,,,,,,,,,,,,,,,,,,,,,,,,,,,,1,1,,,1,,,,2,,,,,,,,,,,,,,,,,,,,,4,,,,,,,,1,,,,,,,,,,,,,,,,,,,,,,,,,1,,,,,,,,,,,,,,,,,,,,,,,,,,,,,,,,,,,,,,,,1,,,,,,,,1,,,,,,,,1,,,,,,,,,,,,,,,,,,,,,,,,,,,,,,,,,,,,,,,
VMTJLxcFH9o,Moshi District Council,TZ.NT.KL.MS.4,,1,,,,2,5,2,,,,4,4,1,,,,,,1,,,,2,,,,,1,1,1,,1,1,,,,1,,,1,,,2,2,,,3,1,,,2,,,2,1,,1,,2,1,1,,6,5,,,2,2,,,2,1,,,1,1,,,2,2,,1,,1,,,,,,,1,1,,,1,,,,2,,,,,,1,1,2,2,1,,1,4,,,4,1,,,1,1,,1,1,,,,2,3,2,,,,1,,1,,,,,1,,,,,,,,,,,,,,,1,1,,,,1,,,,,,,1,,,,,,,,,,,,2,1,,,,1,,,,,,,,1,,1,,2,,,,4,,,1,1,,,4,1,,,17,27,,3,16,27,,,2,1,,,9,4,1,,3,2,2,,1,1,,,1,,,,,
Y8sOGpb4AFE,Moshi Municipal Council,TZ.NT.KL.MS.6,,2,4,13,23,,,20,17,,,16,24,,1,3,2,31,3,33,43,4,2,48,44,,3,24,34,,3,13,26,1,2,15,31,2,3,27,12,2,1,31,23,,,18,20,3,4,11,19,,,,,,,2,3,,,3,3,,,,,,,,,,,,1,,,1,1,,,2,1,,,,3,,,4,5,,,,,,,1,1,,,,1,,,1,1,,,,,,,,,,,,,,,,,,,,,,,1,,,,,,,1,1,2,,,3,,,,2,2,,,13,8,,,1,,,,12,12,,,2,1,,1,5,3,,,,1,3,1,8,16,,,1,,,,24,18,,,1,1,2,1,6,5,,,,,,,,1,,2,1,,,1,,,,,1,1,,,,,,,2,2,,,,,,,,,,,,1,1,,,1,,,,1
OHu1VHzyA0x,Mwanga District Council,TZ.NT.KL.MW.2,,,,,,,,,,,,1,1,,,1,2,,,1,,,,2,4,,,2,2,,,1,,,,,,1,,,1,,,,,,,,,,,1,,,,,,,,,,,,,,,,,,,,,,,,,1,,,,,,,,,,,,,,,,,,,,1,,,,,,,1,,,,,,,2,,,,,1,,,,,,,,3,,1,,1,,,,3,1,,,3,1,,,,1,,,1,,,,2,,1,1,3,3,1,,1,1,,,,,,,,,,,,,,1,,2,,,,1,,,,,,,1,5,,,,1,,,,,,,,,1,,,,1,,1,,,,2,,,,1,,,,,1,,,1,,,,,,1,,,,,,,,1,,,,,,,
Hob4dzCAW2W,Rombo District Council,TZ.NT.KL.RM.1,,2,,1,1,,,,,,,,,,,1,,,,,,,,,,,,,,,,1,2,,,,,,,,,2,1,1,1,,,3,9,,,,,,,,,,,,,,,,1,,,,,,,,,,,,,,,,,,,1,,,,,,,,,,,,1,1,,,,1,,,1,1,,,1,,,,,,,,,,,,,,,,,,,,,,,,,,,,,,,,,,,,,,,,,,,,,,,,,,,,,,,,,,,,,,,,,,,,,,,,,,,,,,,,,,,,,,,,,,,,,,,,,,,,,,,,,,,,,,,,,,,,1,,,,,,,,,,,,,,,,,
WCTbfnMiNF3,Same District Council,TZ.NT.KL.SA.3,,,,3,5,1,3,10,11,,,1,,3,2,8,3,6,2,16,5,5,4,12,8,,,15,10,3,1,21,10,,2,5,6,4,4,11,6,3,,5,1,3,2,14,9,,,1,3,2,1,23,10,1,4,13,6,3,1,10,8,4,,15,16,,,11,16,6,2,19,14,3,2,18,5,7,7,,,1,,22,16,,,5,6,2,1,6,10,5,1,22,8,5,2,21,10,3,2,18,12,5,4,19,9,6,4,26,20,2,,17,13,2,3,24,15,2,2,11,8,1,2,10,7,,,,,2,2,4,6,,,,1,,,2,,,,,1,,,,1,,,,,,,,,,,,1,,,,,,,,,,,,,,,,1,,,2,2,,,,,,,1,1,,,,,,,,1,,,,,,,,,,,,,,,,,,,,,,,,,,,,,,,,,1,,,
aMnC7MINXlM,Siha District Council,TZ.NT.KL.SI.7,,,,6,3,6,3,8,7,,,,,,,6,5,4,3,6,5,4,3,8,6,5,1,11,5,,,,,,,4,6,,,,1,,,4,,,,4,5,5,2,12,6,,,8,6,,,10,3,,,4,4,3,1,3,1,,,3,5,1,,7,5,,,,,,,15,11,,,7,3,,,,,,1,8,3,,2,4,3,,,,,,,1,1,,,,,,,,,,,,,,,,,,,,,,,,1,1,,,,,,,,,,,,,,,,,,,,,,,1,,,,,,,,,,,,,,,,,,,1,,,,,,,,,,,,,,,,,,,,1,,,,1,,,,1,,,,2,,,,,,,,,,,,,,,,,,,,,,,,,,,,,,,,,
dGtH1WiNUrP,Kilwa District Council,TZ.ST.LI.KW.1,,,,,,,,1,,1,,1,,,,1,,2,1,1,1,,,3,1,,1,3,1,2,1,1,,1,,1,,,,5,4,,,1,1,,,1,1,,,1,,1,1,2,2,,,1,,,,,,,,1,2,,,1,1,,,6,9,,,1,1,,,,,,,1,2,,,,,,,1,1,,,,,,,,,,1,1,,,,,,,,1,,,,,,,,,1,,,,,,,,,,,,,1,2,2,5,6,2,7,6,,,,1,,,,,,,,,,,,,,,,,,,,,,,1,2,,,,,,,,1,,,1,,,,,1,,,,1,,,3,,,,,,,,,,,,,,,,,1,,,,,,,,,,,,,,,,,,2,2,1,1,,,1,,,2,
aiZstwpkrny,Lindi Municipal Council,TZ.ST.LI.LI.6,,,,1,1,,,1,1,,,,,,,,,,,,1,,,,1,,,,,,,,,,,,,,,,,,,,,,,,,,,,,,1,,,,,,,,,,,1,,,,,,,,,,,1,,,,1,,,,,,,1,,,,1,,,,,,,,1,,,,1,,,,,,,,,,,,,,,,,,,,2,,,,1,,,,,,,,2,,,,,,,,1,,,,1,,,,,1,,,,,,,1,1,,,1,,,,,1,1,,,,1,,1,,,,,,,,2,1,,,,,,1,,,1,,2,,,,2,,,,1,,,,,,,,,2,,,,,,,,,,,2,,,,,,,,,,,,,1,,,,
ZszYGa2Vnyc,Liwale District Council,TZ.ST.LI.LW.4,,,,,,,,,,,,,,,,,,,,,,,,,1,,,,,,,,1,,,2,2,,1,22,1,1,2,5,4,,,,,,,,,1,1,4,2,,,,1,,,,,,,,1,,,,,,,,,,,1,,,,2,1,,,,,,,,,,,,,,,2,,,,,,,,,,,,,,,,,,,,,,,,,,,,,,,,,,,,,,,,1,,,,,,,,,,,,1,2,,,,,,,1,,,,,,,,,,,,,,,,,,,,,,,,,,,,,2,,,,,,,,,,,2,1,,,,,,,,,,,,,,,,,,,,,,,,,,1,,,,,,,,,,2,,,,
sjKfO239rjD,Mtama District Council,TZ.ST.LI.LI.2,,,,,,,,1,,,,,,,,,,,,,,,,1,4,,,,,,,,,,,,,,,,,,,,,,,,,,,,,,,,,,,,,,,,,,,6,1,,,,1,,,,,3,4,,,,,,,,,,,,,,,,,,,,,,1,,,,,,,,,,,,,,,,,,,,,,,,,,,,,,,,,,,,,,,,,,,,,,,,,,,2,,,,1,,,,,,,,,,1,,,,,,1,,,,,,,,,,,,,,,,,,,,,1,,,3,,,,,,,,1,,,,,,,,,,,,,,,1,,1,,,,,,,,,,1,,,,,,,,,,
W884lMlfpca,Nachingwea District Council,TZ.ST.LI.NC.3,,,,,,,1,2,,,,1,,,,,,,,,2,,,,2,,,,,,,,1,,,,,,,1,1,,,,,,,,,,,,,,,,,,,,,,,,,,,,,,,,,,,2,1,,,1,,,,,,,,,1,,,1,1,,,,,,,,,,,,,,,,,,,,,,,,,,,,,,,,,,,,,,,,,,,,,,,,,,,,,,,,,,,37,49,10,9,70,100,,,,,,,,,,,2,,,,,,,,,,,,,,,,,,,,,,,,,,,,1,1,,,,,,,,,,,,,,,,,,,,,,,2,,,,,,,,,,,,,,,,,,,,,
OOplITY83ud,Ruangwa District Council,TZ.ST.LI.RU.5,,,,,,,,,,,,2,5,,,,,,,,,,,,4,,,,1,,1,,,,,,,,,,1,,,,,,,,,,,,,,,,,,,,,,,,,,,1,2,,,,,,,,,,,,,,,,,,,,,,,,,1,,,,,,,,,,,,,,,,,,,,,,,,,,,,,,2,,,,,,,,1,,,,,,,,,,,,2,1,,,1,1,,,,,,,,,,,1,,,,1,,,,1,1,,,,,,,,1,,,,,,,,,,,1,,,,,,,,1,,,,,1,,,,,,,1,,,,,,,,,,,,,,,,,,,,,1,,,,,,,,1,,,,
L5AfyN2zxns,Babati District Council,TZ.NT.MY.BA.1,,,,3,9,,,5,6,,2,3,4,2,1,4,4,,,1,1,2,2,7,12,,,3,2,,,,,,,6,3,1,1,5,,,,,,,,,,,,,1,1,,,,,,,,,,,,,,,,,,,,,,,,,,1,,,,,,,,,1,,,,,,,,,,,,,2,,1,2,,,,1,,,1,2,,,6,6,,,4,1,,,2,1,,,,,,,,1,,,,,1,,6,4,,,,,1,2,,2,,,1,2,,,,1,,1,2,5,,,,,,,,,,,,1,,1,,1,,,,,,,3,3,,,1,,,,1,,,,1,,,,,,,,,,,,,1,,,,,,,,,,,,,,,,,,,,,,,1,,,,,,,,,1
cnsiTXSJqqF,Babati Town Council,TZ.NT.MY.BA.6,,,,1,1,,,,,,,,3,,,,,4,,22,19,,,,,6,3,39,27,,,,,,,,,,,,,,,,,,,,1,,,,1,,,,,,,1,,,,,,,,,,,1,6,2,,,1,1,,,,,,,,1,,,,1,,,4,2,,,1,,,,1,,,,,,,,,1,,,,,,,3,,,,1,1,1,1,6,2,,,2,1,,,,,,,2,2,,,,,,,2,,,1,4,6,,,3,,2,2,,2,,1,1,2,,2,,,,,4,1,1,,1,,2,,2,8,,2,6,2,,,1,,,1,1,1,,,1,,,,4,,,,4,2,,,1,2,,,,,,,1,,,,,,,1,,,,,1,,,1,2,,,,,1,,,,,,,,
xRx7W86ElUH,Hanang District Council,TZ.NT.MY.HG.2,,,,1,1,1,,3,4,,,5,3,,2,9,4,3,2,12,6,1,,13,19,1,3,8,12,3,,12,11,2,2,6,10,2,10,3,3,,,10,14,10,8,12,16,,,2,1,,,1,2,2,,2,2,2,1,2,3,,,1,3,1,,3,,,,5,5,,1,5,6,,,10,4,1,1,6,6,2,,8,2,1,,4,3,1,1,,,,,,,,,,,,,,,,,,,,,,,,,,,,,2,,,,,,,,,,2,1,9,15,,,,,,,,,,,,,1,,,,,,,,,3,5,2,,,,,3,,5,3,,,,,,,,,,,3,,,,2,3,,,1,1,,,,,,,,,,,,,,,,,,,,,,,,,,,,,,,,,,,,,,,,,,,,,,,,
P1TuGaaZ981,Kiteto District Council,TZ.NT.MY.KT.5,,,,,,1,1,4,2,,3,,1,2,,2,3,,,,1,,,,1,,,,3,,,,,,,3,2,,,1,,,,,,,,,,,,,,,,,,,1,3,6,,,5,6,2,2,14,20,,1,3,1,1,,2,,,,1,,1,1,3,1,,,1,1,1,,1,,,,,,,,,,,,,,,,,,,,1,,,,,,,,,,,,,,,,,,,,,,,,,,,,,,,,,,,,,,1,1,1,,,,,1,,1,4,6,,,,,1,,,,,,,,1,,,,,1,3,3,,,1,,,,,,,,,,,,,,,,,1,,,,,,,,,,,,,,,,,1,,,1,,,1,1,2,,,,,,,,,,,,,,,
C96DDKK03pu,Mbulu District Council,TZ.NT.MY.ML.3,,1,1,4,3,2,3,22,5,4,2,40,37,8,4,12,13,,1,1,12,9,4,,1,29,9,30,23,1,1,1,5,2,1,1,3,4,2,1,1,1,,3,3,2,4,7,5,,1,3,3,1,3,5,6,,,3,1,,,2,,,,4,3,,,2,1,1,,,1,1,,5,8,,,2,,1,,,,,,3,1,,,2,2,,1,2,1,,,1,3,,,,1,,,2,1,1,,1,1,,,,,,,,,,,,1,,,,1,,1,,,,,,1,,,1,1,1,,,,,,1,1,,,,,,,2,,,,2,1,,,2,1,,,2,1,,,,,,,1,1,,,2,1,1,,,1,,,,,,,1,1,,,1,1,,,,,,,1,,1,,2,3,,,,1,,,3,,,,2,,,,,,,,,1,,,1,,,,3,1
k4ijpiPRc3R,Mbulu Town Council,TZ.NT.MY.ML.4,,,,,,,,,,,,15,12,1,,3,2,,,3,5,1,3,8,4,,1,4,3,2,1,9,12,,,3,2,,,,2,,,2,1,,,,,,,,,,,,,,,,,,,,,,,,,,,,,,,,,,,,,,,,,,,,,,,,,,,,,,,,,,,,,,,,,,,,,,,,,,,,,,,,,,,,,,,,1,,,,,,,1,,,,,,,,,,,,,,,,,,,,,,1,,,,,,,,,,1,,,,,,,,,,,,,,1,,,,,,,,,,,,,,,,,,,,,,,,,,,,,,,,,,,,,,,,,,,,,,,,,,,,,,,
A54bflEH57w,Simanjiro District Council,TZ.NT.MY.SM.4,,1,1,3,5,3,1,4,1,2,,5,1,1,,,,,,,,,,1,1,,,1,3,,,2,,2,1,1,,,,,,3,1,,1,1,1,3,,,,1,2,,,2,,1,,2,4,,,2,,,,,,,,,,3,1,7,3,,,4,,,,1,1,,,,,,1,1,1,1,,,,1,,,,,,,,,,,1,,,,,1,,3,3,,,3,2,,,3,4,1,,2,2,,,,,,,4,4,,,2,,,,,2,,,2,,,,3,1,,,1,,,,,1,,,1,2,,,1,2,1,,,1,,,,1,,,,,1,,2,,,,2,,1,2,,1,1,1,,2,,,,2,,,1,,1,,1,3,,,2,2,,,,,,,,,,,,,,,1,,,,3,1,,,,,,,,
ouZ5YpZ4T3a,Bunda District Council,TZ.LK.MA.BN.4,,2,,2,,,,,1,,,1,,,,,,,,,,,,,,,,,,,,4,10,,,,,,,,,,,,,1,,1,4,,,,,,,,1,,1,1,,,,,,,,,,,,,,,,1,1,,,,,,,,,,,,,,,,,,,,,,,,2,,,2,,,,,,,,,,,,,,,,1,,,,,,,,,,,,,,,,1,,,,,,,,,,,,,,,,,,,,,,,,,,,,,,,,,,,,,,,,,,,,,,,,1,,1,,,,,1,,,,,,,,,,,,,,,,,,,,,,,,,,,,,,,,,,,,,,,,,,,,,,,,,,
SoXc0vm0JrY,Bunda Town Council,TZ.LK.MA.BN.5,,,,,,,,,,,,,,,,,,,,3,3,,,,,,,,,,,,,,,,,,,,,,,1,1,,,,,,,,1,,,,,,,,,,,,,,,,,,,,,,,,,,,,,,,,,1,1,4,4,2,,1,,,,3,2,,,,,,,4,2,,,,1,,,6,3,,,4,2,,,6,3,,,2,3,,,4,3,,1,3,2,,,4,4,,,4,5,,,,1,,1,2,3,,,5,4,,,1,3,1,,6,3,,,1,,,,,,,,1,2,,,,,,,1,1,,,1,,,,,,,,,,,,,,,,,,,,,2,,,,1,,,,,,,,,3,1,,,,,,,,1,,1,,,2,,,,2,,,,,
btLScg6XCBN,Butiama District Council,TZ.LK.MA.BT.7,,,,,3,,,3,,,,,1,,,2,1,,,2,4,,,2,1,,,,2,,,2,3,1,,,,,,,,,,1,,,,,,,,,,,,,,,,,,,,2,,,,4,,,,,1,,,,1,,,,,,,,,,,,,,,,,,,,,,,,,,,,1,,,,,,,1,,,,2,,,,,,,,,,,,,,,,5,6,,,2,,,,,,,2,3,,,,,,,,,,,,,,1,,,1,,,,,,,,,,,1,1,,,1,,1,,,,,,,1,,,,,,,,1,,1,,,,,,2,,,,,,,,,,,,,,,,,,,,,,,,1,,,,,,,,,,,,,,,,
z4dfv9EOq3c,Musoma District Council,TZ.LK.MA.MS.3,,2,,,,,,,,,,3,,,,,3,,,1,,,,1,,1,1,1,1,,,,,,,,2,,,,,1,,,,,,3,1,,,,,,,,,,,,1,,,,,1,,,,,,,,,,,,,,,,,,,,,,,,,,,,,,,1,,,,,,,,,,,,,,,,,,,,,,,,,,,,,,,,,,,,,,,,,,,,,,,,,,,,,,,,,,,,,,,1,,,,,,,,,,,,,,,,,,,,,,,,,,,,,,,,,,,,,,,,,,,,,,,,,,,,,,,,,,,,,,,,1,,,,,,,,,,,,1,,,,,
bKA4yc2NUxA,Musoma Municipal Council,TZ.LK.MA.MS.5,,,,3,3,,,4,4,,,4,1,,,2,3,,,,,,,,,,,,,,,,,,4,1,1,,,3,1,,,9,22,,,3,,,,4,2,,,1,1,,,,1,,,,,,,,,,,,1,,,,,,,,1,,,,1,,,,1,,,,,,,,1,,,,1,,,,,,,,,1,1,,1,,,,1,,,2,,,,1,3,1,1,6,5,3,,10,10,,,1,5,,,,1,,,4,4,,,,,5,4,8,10,5,1,5,3,3,3,2,1,1,,1,2,,,7,3,,,,,,,4,,,,7,2,,,1,1,1,,2,6,5,6,14,2,5,4,1,3,1,,1,2,,,,,,,3,4,10,2,,,,1,,2,,,,1,2,5,4,6,,,,,,,1,,1,1,5,2,,,1,
bRz3nu8rSWS,Rorya District Council,TZ.LK.MA.RO.6,,,1,,,,,,,,,,,,,1,,6,3,7,6,,,,,,,,2,,,,,,,,,,,2,6,,,,1,,1,5,7,,,,,,,,2,,,,,,,,,,,,,,2,9,12,,,,1,,,11,,,,1,,,,1,,,,1,5,,,1,,2,,13,28,,,,1,,,,,1,,1,2,,,,,2,1,1,1,,,,,,,2,6,3,2,4,7,,,4,2,,,1,1,,,6,3,,,1,,,,,,,,,,,,,,,1,,,,,,,,,,,,,3,8,,,1,1,,,,,,,,1,,,1,,,,,,1,,1,1,,,,,,,1,,,,5,2,,,1,,,,,,,,,,,,,,,,4,2,2,1,5,,1,1,,1
X5MzEu84hUN,Serengeti District Council,TZ.LK.MA.SR.2,,1,2,6,5,,,2,1,,,,,,,,,,,1,2,,,,1,,,1,2,1,,3,3,,,4,1,,,,,,,,1,,,2,1,,,,,,,,,,,,,,,,,,,,,,,,1,,,,,,,,,,,,,,,,,,,,3,,1,1,,,,,,,1,,,,,1,2,,,,,,,,,,,,,,,1,,,,,,,,,,,,,,,,,1,,,2,,,,,,,,,1,,,1,,,,1,,,,,,,,,,,,,,,,,1,,,1,,,,,,,,,,,,,,,,,,,,,3,,,,,,,,,,1,2,1,,,1,,,,,,2,2,3,4,,,2,3,,,,,,,1,2,,,,
NzVLQOcSJJU,Tarime District Council,TZ.LK.MA.TR.1,,,1,,2,1,,1,1,,,6,3,,,,1,,,,1,1,,3,1,,,,,,,,1,,,,1,,,9,10,,,1,8,,,,,,,2,1,,,,,,,,,,,,,,,,,,,,2,,,,,,,2,,1,,4,5,,,,2,,,,,,,,,,,,,,,,,1,,,,,,,1,,,,,,,,1,,,,1,,,,,1,,,2,1,,2,,,,1,,,,,1,,,,,,,,,,,,,,,,,,,2,,,,,,,,,,,,1,,,,,1,,,,,,,,,,1,2,4,,,,,,,1,,,,,,,,,,,,1,,,,,,,,,,,,,,,,,,,,,,,,,,,,,
Qp6ocX9ESSa,Tarime Town Council,TZ.LK.MA.TR.2,,,1,,,,,,,,,,,,,,,5,8,60,85,,,,,,,5,3,5,8,31,40,,,,,1,,,1,,,,,,,,,,,,,5,2,10,6,,,,,,,,,1,,,,,,2,4,,,,1,,,1,,,,6,5,,,,1,,,,,,,,,,,,1,,,,,,,,,,,,,,,,,,,,,,,,,,,,,1,,,,,,,,,,,,,,,,,,,,,,,,,,,,,,,,,,,,,,,,,,2,,,,,,,,,1,,,1,,,,3,,,,,,,,1,2,2,,,,,,,,,,,,,,,,1,,1,,,,,,,,,,,,3,3,,,,1,,,,,,,3,2
xVzeWrXHf81,Busokelo District Council,TZ.SH.MB.RG.5,,,,1,1,,,4,2,,1,1,1,,1,,,,,1,,,2,8,11,,,,,2,,3,,,,,,,,1,2,1,,,1,,,,,,,,,,,,,,,,1,,,6,2,,,3,3,,,,,,,1,,,,,,,,,2,,,,,,,,,,,,,,,1,3,,,,,,,1,,,,2,2,,,2,,,,,,,1,1,1,,,3,,,,,,,,,,1,,4,,,,1,,,,3,2,,,,1,,,1,,1,1,1,2,,,2,3,,,,1,,,,4,,,,,,,,,,,,1,,,,,,,,,,,1,,,,,,,,,,,,,,,,,1,,,,1,,,,,,,,,,,,,,,,,,,,,,1,3,8
L9scGbK6d61,Chunya District Council,TZ.SH.MB.CH.1,,1,,,,,,,2,,,,,1,,2,1,,,,,3,2,5,6,,1,,,,,,,,,2,4,,,3,1,,,1,4,,,2,1,,,,,,,,,,,,,,,3,3,,,,,,,1,,,,,,,,1,,1,3,1,1,,,3,2,1,2,,4,,,,1,,,,1,,,,1,,,,,,,,,,,,1,,,,,,,1,,,,,,,1,3,4,,,,1,,3,3,5,,,4,1,,,2,3,,,4,2,,,3,6,,2,2,2,,,,,4,1,3,2,2,1,5,4,1,1,6,4,1,,1,1,,,,1,,,,,,,2,2,,,,,,,,,,,,,,,1,1,,,,,2,,1,,,,,,,,,,,,,,,,,,,,2,3,,,1,
dWfRpHKykpk,Kyela District Council,TZ.SH.MB.KY.3,,,,,,,,,,,,,,,,,,,,,,,,,,,,,,,,1,1,,,,3,,,1,2,,,,,,,,,,,,1,,,,,,,,1,1,1,,,,,,,,,,,,,,,,,,,,,,,,,,,,,1,,,,,1,,,,,,,,,,,2,,,,1,,1,,4,1,,1,1,,,,,2,,3,1,2,5,8,11,16,,1,2,4,,,,1,,,3,2,,,,,,,,,,,,,,,1,1,,,2,3,,,,,,,,,,,4,,,2,,,19,11,48,50,,,,1,,,1,,,,2,2,3,1,10,10,,,3,1,,,1,4,,1,3,5,,,1,,1,,8,11,1,,,1,,,,1,,,1,1,,,,,,1,2,1
AvfNRAIsvhg,Mbarali District Council,TZ.SH.MB.MB.7,,,,2,,1,,12,13,2,3,2,,,,3,2,,4,3,2,1,,5,1,,1,1,3,,1,1,,,,,,,,2,3,,,,,2,4,6,11,,,2,,,,,6,,1,3,1,,,,,,,1,1,2,,1,1,,,,,,,,,,,3,1,,,,,1,1,1,1,1,,4,4,,,,1,,,1,6,,,2,1,,,,,,1,,,,,2,,,,4,,,,,,,,,,,,,1,1,,1,,,,,,,,,,,,,,,,,,1,2,,1,,,,2,,,,,,,,,,,,,1,,,,,,,,,,1,3,3,1,,2,4,,,,,,,,,,,1,,,,1,,,,,,,,,,,1,,,,,1,,,,,1,,,,,,,4,,,1,
e3ATlebHNrD,Mbeya City Council,TZ.SH.MB.MY.8,,,,,,,,,,,,,1,,,,,,,,,,,,,,,,,,,,,,,,,,,,,,,,,,,,,1,,,,1,3,,,,,2,2,,,1,1,,,,,,,1,1,,,,1,,,,,,,,,,,,,,,1,,,,,,,,,1,,,,,,,,,1,,,,,,,1,,,,,,,,,,,,,,,,,,,,,,,,,,,,,,,2,,,,1,1,,,,,,1,1,,,,,,4,5,7,4,,,1,4,,,,,3,1,42,63,,,,2,,,1,,,,2,,,,,,2,,,1,,,1,,,,,,,,,,,,,,,,,,,,,,,,,,,1,,,,,2,1,,,,
N5FKtARi6dB,Mbeya District Council,TZ.SH.MB.MY.2,,,,1,,,,1,,,,5,5,,,,,,,3,2,,,5,3,,,2,1,1,,2,1,,,,1,1,,,,2,,7,7,1,,4,3,,,3,1,,,1,,,,,1,,,,1,,,1,,,1,1,4,,,,,,,2,3,1,2,4,6,2,,4,1,,,7,5,,1,2,2,,,2,,,,,,1,,,,,,,,2,1,,,,,,1,,,,1,,,,,,,,,,,1,,,,1,,,,,1,,,1,,,,,1,,,,,,,2,1,,,,,,,28,31,,,3,4,,,,,,,1,1,1,,2,1,3,3,12,12,,,1,,,,,,2,,3,2,,,,1,1,,3,2,,,1,,1,,1,2,,,,,,,3,1,,,,3,,,1,2,1,,4,1,,,,
dPzNEI2Cxqj,Rungwe District Council,TZ.SH.MB.RG.4,,1,2,4,2,2,3,7,8,,,2,3,2,3,7,4,1,2,2,5,1,2,4,8,2,2,6,6,2,3,3,5,3,1,2,1,3,2,3,3,1,1,2,1,1,,1,,,,,1,1,,,1,,,,,,,,,,,,,,,1,,,,,,,,1,,,1,7,5,,,,,,,,,,,,1,,,,,,,1,3,,,,1,,,2,,,,1,1,,,1,3,,,,,,,,,,,,,,,,,,,,,,,,1,,,2,,,,,,,,,,1,,1,2,,,,,,,,,,,,,,,,,,,6,1,1,1,1,,,1,,4,,,,1,2,,2,4,,1,,1,,,,,,,,,1,,1,4,,,,2,,,,,,1,,2,,,,,,,,1,,1,1,,,,,
yh0b4OAgg8z,Gairo District Council,TZ.ET.MO.GA.7,,,,2,,,,,,,,2,,,,,,,,,,,,,,,,,,,,,,,,,,,,,,,,,,,,,,,1,,,,,,,,,2,1,,,1,,,,,1,,,1,1,,,,,,,,1,,,,,,,,,,,,,,,,,,,3,2,,,,,,,,,,,,,1,,1,1,,,,,,,,,,,,,,,,,,,,,,,,,,,,,,,,,,,,,,,,,,,,,,,,,,,,,,,,,,,,,,1,6,2,,,,,1,,,,,,,,,,,,,,,,,,,,,,,1,,,,,,,1,,,,,,,,,,,,,,,,,,,,,,,,,
GFMMtqCiaUG,Ifakara Town Council,TZ.ET.MO.KE.4,,10,6,19,18,2,1,9,4,2,3,10,13,,2,10,12,,,8,7,,,6,8,21,16,36,33,7,15,55,69,1,,23,18,2,4,11,8,,,12,12,1,1,2,3,,,4,4,,,,,,,2,2,3,2,15,13,,,9,1,,,,,,,,,,,,,,,,1,,,,,,,2,,,,,,,2,2,3,,,,,,,3,1,,,2,,1,,1,,,,3,3,,,,,,,3,1,,,,4,1,,5,4,,,1,,2,,,,1,,3,,,,3,1,1,1,1,,,2,4,1,,,,5,,,,2,,,,,,,1,,,,,,,,2,1,1,1,3,13,,,1,1,,2,1,4,,,5,2,,,1,,,1,1,3,,,,,,,,,,,,,,,1,,,,,,1,1,1,1,,,1,,,,3,5
oMao5qA3DBy,Kilombero District Council,TZ.ET.MO.KE.3,,,,,,,,,,,,1,,,,,,,,,,,,4,4,,,3,3,4,1,6,6,1,1,12,33,2,1,4,2,,,3,1,,,,1,,,2,,,,1,1,,,1,,,,,,,,,,,,,,,,,,,,,,,,,1,,,1,,,,2,,,,3,,,,1,5,,,,,,,,,,,1,,,,1,1,,,,,,,,,,,,1,,,,1,,,,,,,,2,,,,,,,,,,,1,3,,,2,2,,,,,,,,,,,,1,,,,1,,,,,,,,,,,,2,,,,,,,,,1,,2,,,,,,,,1,1,,,,,,,,,,,,,,,,,,,,,1,,,,,,,,,1,,,,,1,
GbVBjR8A7aK,Kilosa District Council,TZ.ET.MO.KS.1,,,,,,,,1,2,,,1,,,1,,,,,,1,6,6,8,13,,,1,1,,1,2,1,,2,1,,2,,,1,,,3,4,,,,1,,,,2,,,2,8,,,1,,,,3,1,1,,13,17,,1,,,,1,2,3,,,,,1,2,2,2,2,,,,,3,6,8,,,1,,,,2,,,,1,,1,,2,1,,,1,,,,,,,,,,,,4,,,,2,,,1,1,,,,1,,,,,,,,4,,4,2,28,8,7,10,35,54,,,10,11,,,,,,,,,,,1,,,1,1,,,,1,1,,,1,,2,,8,6,2,,10,3,10,,4,7,3,2,1,,2,1,10,6,1,,1,5,8,,11,9,5,,7,10,7,3,3,3,5,7,22,6,1,2,2,4,,,9,,,,2,2,,,1,,1,,9,5
TDqOYlV0O1a,Malinyi District Council,TZ.ET.MO.UL.5,,,,1,,,,2,1,,,1,,,,,,,,,,1,,,,,,1,,,,,,,,1,,,,,,,,,,,,,,,,6,3,,,,,,,2,1,,,2,1,,,1,,,,1,1,,,,,,,,,,,1,,,,4,,,,5,,,,,,,2,4,,1,,4,,,,2,,,,3,2,,,2,,,,1,2,,,2,,,,,,,,,,,,1,,,,,,,1,,,,,3,3,,,1,,,,1,,,,4,1,,,,,1,,1,,,,,,,,,,,,2,1,,,,,,,,,,,1,,,1,1,2,,,,,,,,,,,,,1,,,,,,,1,,,,,,,,,,,,,,,,,,,,1,,,,
G2obPNftMUt,Morogoro District Council,TZ.ET.MO.MG.2,,1,,4,2,2,2,6,8,,5,1,1,1,2,1,,4,1,13,7,1,1,5,8,3,1,2,4,,,,,1,,12,15,,,3,2,,,4,1,,,1,,1,,12,6,,,,,,,,1,1,2,2,2,,,3,6,,,,,,1,4,,,,,1,,,,,,,1,,,,,,,,,1,,,,,,,1,,,,,,,,1,1,,,1,,,,1,,,,2,,,,,,,,,,,,,,,,,,,,,,,,,,,,,,,,,,,,,,,,,,,,,,,,,1,,,1,,,,,,,,,,,,,,,,,,,,,,,,,,3,1,,,,,,,,,1,,,,,1,,,,,,1,1,,,,1,2,1,,1,1,,,,,,,1,
nUFAmN93pH4,Morogoro Municipal Council,TZ.ET.MO.MG.5,,,,3,7,,,2,,42,27,11,12,,,2,3,,,1,3,1,,19,19,,,8,7,1,,8,5,,,,,,,,,,,3,2,,1,,1,,,1,,,,1,1,,,,,1,,3,1,4,6,11,15,,,,,,,1,,,,,,1,,,,,,,,,,3,1,,,11,3,2,3,11,10,,,,,,2,6,2,,,2,,,,,,,,,3,,,,,,,,,,1,1,,,,1,,,,,,,,,,1,,,,2,,2,3,,,1,,,,1,,2,,3,,2,1,5,3,,,7,12,,,,,,,1,,2,,1,,,3,2,1,1,,,1,,,2,3,,,2,2,,,3,1,12,9,91,80,,,,,,,1,,4,5,54,60,1,,3,1,,,1,4,4,5,14,15,,,,1,,,1,
BVBmQDCexxG,Mvomero District Council,TZ.ET.MO.MV.6,,,,,,,,1,,1,1,4,3,,1,8,5,,,,,,,,,,,1,,,,,,,,1,,,,,,,,,,,,,,,,,,,,,,,,3,4,,,1,2,,,,,,,,,,,,,,,,,,1,,2,,,,,,,,,,,4,3,,,1,,1,1,3,3,,,7,10,,,2,2,2,3,6,5,,,3,3,5,5,4,4,,,2,4,,,8,12,,,,,3,1,1,1,,,,,,,3,,,,1,,,,,,,,8,8,,,,,,,,,,,2,2,,,,,,,1,1,1,2,1,3,1,1,,,,,1,1,2,3,2,8,,,1,2,,,1,1,,1,3,,,,,2,,,,,4,6,5,9,,,,,,,2,2,1,2,,,,,,1,1,1,1,2
Le7ysFRJrMk,Ulanga District Council,TZ.ET.MO.UL.4,,,,,,,,,1,,,,,,,,,,,,,1,2,1,4,,,1,,,1,,,,,,,,,7,5,,,,,,,,1,,,,,,,,2,,,1,4,,,,1,,,,,,,7,5,,,,1,,,4,2,,,,,,,,,,,2,,,,4,2,,,,,,,,4,1,,,2,,,1,,,1,5,2,,,,,,,1,2,,,1,,,,1,1,,,2,,,,2,,,,,,1,,,4,,,2,3,,,1,,,,,3,,,,,,,1,1,,,,1,1,,1,1,,,,1,,,,,,,,1,,,2,,,,,1,,,,2,,,2,5,,,3,3,,,,,,,,1,,,,,,,,,,,,,,,1,,,,3,,,,3,1
rrHtwyYjprs,Masasi District Council,TZ.ST.MT.MS.3,,,1,1,1,,,,,2,,,3,,,2,,,,,,,,,2,,,,1,,,,1,,,,,,1,,1,,,3,1,,,2,1,,1,2,2,,,,1,,,,,,,2,1,,,,,,,,,,,,1,,,,,,,,,,,,,,,5,,,,1,,1,,2,,,,,2,,,2,,,,,,,,,,,,,,,,,,,,,,,,,,,,,,,,2,1,,,,2,,,,1,,,,,,,,,,,1,1,,,,,,,,,,,,2,,,,,,,,,,,,,,,,3,,1,,,,,,,,,3,,,,,,,,,,,,1,,,,,1,,,1,,,,,1,,,,,,,,,,,,2,,,,1
tLzrq5IZ23W,Masasi Town Council,TZ.ST.MT.MS.7,,,,1,,,,5,2,,,,,,,9,6,,,,,,,5,2,,,,,,,,,,,,,,,,,,,,,,,,,,,,,,,,,,,,,,,,,,,,,,,,,,,,,,,,,,,4,,6,1,12,7,,,,,,,,,2,3,3,,,,,,,,1,1,,,,,,,,,,,,,,,,,,,,,,,,,,,,,,,,,,,,,,,,,,,,,,,,,,,,,,,,,,,,,,,,,,,1,,,,6,3,,,,,,,,2,,,,,,,4,,,,,,,,,,,,2,,,,,,,,,,,,,,,,1,,,,,,,,,,,,1,,,1,1,
xOJxkz079Ek,Mtwara District Council,TZ.ST.MT.MT.1,,,,,,,,,,,,,,,,,,,,,,,,,,,,,,,,,,,,,1,2,1,1,1,,2,3,1,,,,,,,,,1,,,2,,,1,2,,,,,,,,,1,2,,1,,,,,,,,,1,,,,2,2,1,,,,,,,,,,,1,1,2,2,4,1,,2,1,1,1,,1,,,,,,,,,,,,,,,,,,,2,2,,,1,,3,1,,,,,,,,1,,,,,,,,,,,,1,,,,,,,,,,,,,,,,,,,,,,,,,,,,,,1,,,,,,,,,,,,,,,,,,,,,1,,,,,,,,,,,,,,,,,,,,,,,,,,,,1,,,,,
PHGm198Hcil,Mtwara Municipal Council,TZ.ST.MT.MT.5,,,,,,,,2,,,,,,,,5,1,,,3,1,,,3,,,,,1,,,,,,,,,,,,,,,10,5,,,,,,,2,,,,,,,,,,,,,,,,,,,,,,,,,,,,,,,,,1,,,,,,,,,,,,,,,,,,,,,,,,1,,,,,,,,,,,,,,,,,,,,1,,,,,,,,,,,,,,,1,,,,,,,,1,,,,3,3,,,,1,,,,,,,1,,,,,,,,,,,,,,,,,,,,,,,,,,3,,,,,,,,,,,,,,,,,,,,,,,,,,,,,,,,,,,1,,,,,,1,1,,,,,2
QRjyrYOr2vh,Nanyamba Town Council,TZ.ST.MT.MT.2,New council under Mtwara Region being portioned from Mtwara DC,,,,,,,,,,,,,,,,,,,,,,,,,,,,,,,,,,,,,,,,,,,,,,,,,,,,,,,,,,,,,,,,,,,,,,,1,,,,,,,,,,,,,,,,,,,,,,,,,,,,,,,,,,,,,,,,,,,,,,,,,,,,,,,,,,,,,,,,,,,,,,,,,,,,,,,,1,,,,,,,,,,,,,,,,,,,,,,,,,,,,,,,,,,,,,,,,,,,,,,,,,,1,,,,,,,,,,,,,,,,,,,,,,,,,,,,,,,,,,,,,,,
PvqxGEssig9,Nanyumbu District Council,TZ.ST.MT.NN.6,,,,,,,,1,,,,,,,,,,,,3,6,,,,,,,2,,,,,,,,,,,,,,,,,,,,,,,,,,,,,,,,,,,,,,,,,,,,,1,,,,,,1,1,,,,,,,,,,,,,,,,,,,,,,,,,,,,,,,,,1,,,,,,,,,,,,,,,,,,,,,,,,,,,,,,,,,,,,,,,,,,,2,,,,,,,,,,,,,,,,,,,,,,,,,,,,,,,,,,,,,,,,,,,,,,,,,,,,,,,,,2,,,,1,,,,,,,,1,,,,1,,,,1,,,,,,,,
IYqT1Xik8Bj,Newala District Council,TZ.ST.MT.NW.2,,,,,,,,,,,,,,,,,,,,,,,,,,,,,,,,,,,,,,,,,,,,,,,,,,,,,,,,,,,,,,,,,,,,,,,,,,,,,,,,,,,,,,,,,,,,,,,,,1,,,1,,,,,,,,,,,,,1,,,3,1,,,1,1,,,2,1,,,,1,,,,,,,,,,,,,,,,,,,,,,,,,,,,,,,,,,,,1,,,,,,,,,,,,,,,,,,,,,,,,,,,,,,,,,,,,,,,,,,,,,,,,,,,,,1,,,,,,,,,,,,,,,,,,,,,,,
tCJrHeEyDkg,Newala Town Council,TZ.ST.MT.NW.3,,,,,,,,,,,,,,,,,,,,,,,,,1,,,3,2,,,,,,,,,,,,,,1,2,,,,,,,,,,,,1,1,1,,1,,,,3,1,,,,,,,,,,,,,,,,,,,,1,,,,,,,,,,,5,2,,,,,,,6,3,,,,,,,,,,,,,2,1,,,,,,,,,5,4,,,,,,,,,,,,,,,25,24,,,,,,,,,,,12,4,,,,,,,,,,,16,24,,,,,,,,,,,,,,,,,,,,,,,,,,,,,2,,,,,,1,,,,,,,,,,,,4,9,,,1,,,,,2,,,,,,,,,,,,,,,,
gOcZSwBmijY,Tandahimba District Council,TZ.ST.MT.TD.4,,,,3,,,,,,,,,,,,,1,,,1,,,,1,,,,,,,,3,4,,,,1,,,,,,,4,,,,2,1,,,,1,,1,,1,,1,,,,,,1,,,2,,,,,,,,1,1,,,,1,,,,,,,,,,,3,1,,,2,,,,,,,,,2,,,,,,,,,,,,,,,,,,,,1,,,,,,,,,,,1,,,,,,,,5,1,,,,3,1,,,1,,,,1,,,,,,,,,,,1,,,,,,,,,,,,,,,,,,,,,1,,,,1,,,,,,,,,,1,,1,,,,,,,,,,,,,,,,,,,,,,,,,,,1,1,,,,,,,,
tq4bMQkHDbC,Buchosa District Council,TZ.LK.MZ.SE.6,New Council portioned from Sengerema DC,10,11,,1,,,3,2,1,1,3,1,3,2,5,3,,,2,5,,,,,,,1,,,,,,,,,,,,2,3,,,,,,,,,,,,,,,,,1,,1,,,,,,,,,,,,,,,,,,,,,,,,,,,,,,,,,,,,,,,,,,,,,,,,,,,,,,,,,,,,,1,,,,1,,,1,,,,,,,,,,,,,,,,,,,,,,,,,,,,,,,,1,,,,,,,,,,,,,1,,1,,1,,,,,,,,,,,1,,,,,,,,,,,,,,,,,,,,,,,,,1,,,,,,,,,,,,,,,,,,,,,,,,,,,,
et6lWc8GDHy,Ilemela Municipal Council,TZ.LK.MZ.IM.6,,,,1,,,,,,,,,2,,,3,2,,,,,,1,,1,,1,,2,1,,,,,,1,,,,,,,,,,1,,,2,,,5,7,,1,,,,,,,,,,,,,,,,,,,,,,,,,,,,,,1,,,,,,,,,,,,,,,,,,,,,,,,,,,,,,,,1,,,,,,,,1,,,,,,,,,1,,,2,,,,,,,,,,,,,,,,,,,,,,,,,,,,,,,,,,,,,,,,1,,,,,,,,,,,,,,,,,,,1,1,,,,,,,,,,,,,,,,,,,,,,,,,,,,,,,,,,,,,,,,,,,,
O8O3HQdJWHX,Kwimba District Council,TZ.LK.MZ.KW.4,,,,1,1,,,1,,,,1,,,,,,,,,,,,,1,1,,,1,,,,,1,,,,,,,1,,,1,,,1,1,2,,,3,3,,,1,1,,,,,1,,,1,,,,1,,,,,,,2,,,,,,,,,,1,,1,,,,,,,,,1,,,,,,,,,,,,,,,,,,,,,,,,,,,,2,,,,,,,,,,,,,,,,,,,,,,,,,,,,,,,,,,,,,,,,,,,1,,,,,,,,2,,,,1,,,,,,,,,,,,1,1,,,,,,,1,,,,,,,,,1,,,,,1,,,,,,,,,,,,,,,,,,,,,,,,,,,1
Kug5uWxs0mu,Magu District Council,TZ.LK.MZ.MG.2,,,1,,,1,,,2,1,1,3,6,,,3,1,,,3,3,,,2,3,,,5,3,,,3,1,,,,,,,,1,,,1,,,,1,1,,,,,1,,,,,,1,,,,1,2,,,,,,,,1,,,1,1,,,,,,,1,3,,,2,,,,,,,,2,,,,,1,,,,1,,,,,,,1,,,,,1,,,,,,,,,,,,,,,,,,,,,,,,,1,,7,5,,,,1,,1,,,,,1,,,,,,,,,,,,,,,,,,,,,,,,,,,,,,,,,,,,,,,,,1,,,,,,,,,,,,1,,,,,,,,,,,,,,,,,,,,1,,,,,,,,,,,,
jAI2fd8kK1z,Misungwi District Council,TZ.LK.MZ.MI.7,,,,5,3,,,2,1,,,2,1,,,1,,,,1,,,,2,2,,,3,2,,,1,,,,,,1,3,5,3,,,,,,,,,,,1,1,,,2,1,,,1,1,,,,2,1,,,1,,,,,,,,3,,,,,,,,,,,,,,1,,1,1,,1,,,,,,,,,1,,,5,12,,,,,,,1,5,,1,2,1,,,,,,,,,,,,,,,,,,,1,,,,,,1,,1,,,,,1,,,,,,,,,,,,1,,,,,,,,,,,,,,,,,,,,,,,,,,,2,,3,6,,,,,,,,,,,,,,,,,,,,,,,,,,,,,,,,,,,,,,,,,,,,,,
f7UPzYMgzVH,Nyamagana Municipal Council,TZ.LK.MZ.NA.3,,1,2,14,7,8,2,22,18,3,3,18,17,,1,,2,10,4,26,18,7,5,31,12,5,3,25,31,11,5,9,4,,,1,,,,,5,6,3,,2,,,1,1,,,1,,1,,,,,,1,,11,6,1,,,,1,2,,,,,,,1,,3,4,1,2,,,1,,6,6,3,5,,,,2,,,,,,,,,,,,,,,4,,,,,1,,,,1,,,,,,,1,1,,,,,,,,1,,,1,,,,,,,,,,,,1,,,,,,,1,,,,,,,,,,1,,,,,,,,,,,,,,,,,,,,,,,,,,,,,,,,,,,,,,,,1,,,,,,,1,,,,1,,,,,,,,11,1,,,,2,,,,,,,,,,,1,
IGSrsG5I54W,Sengerema District Council,TZ.LK.MZ.SE.5,,6,5,3,9,,1,7,7,2,,9,8,2,,,,,1,3,11,,,4,2,1,,,,1,3,,1,,,4,3,1,,3,3,,,,1,,,,,2,,2,,,,,,,,1,6,2,3,2,4,3,6,12,8,,,3,4,3,1,8,5,,,1,,1,,1,2,2,3,9,6,,,7,2,1,,1,,,,8,8,,,2,,,,4,,,,1,,1,,2,,,,2,3,,,3,4,,,,3,,,,,,,2,3,,,,,,,,,,,,,,,,,,,1,,,,1,,,,,1,1,,,,,,,,,,,,,,,,,,,,,1,,,,,1,,,,1,1,,,5,,,,,,,,3,,,,,,,,,,,,,,,,,,,,,2,,,,,,,,,,,,2
QE0OH5162nV,Ukerewe District Council,TZ.LK.MZ.UK.1,,,,4,3,,,1,2,,,,2,,,1,,,,2,,1,,,1,,,,,5,3,5,3,,,,,,2,1,,,,,,,,,,,,,,,,,,,,,,,,,,,,2,,,,,,,,1,2,,,,1,,,,,,,,,,,,,,,,,1,,,,,,,,,,,,,,,,,,,,,,,,,,1,,,1,,,,,,,,,,,,,,,,,,,,,,,,,,,,,,,,,,2,,,,,,,,,,,,,,,,,,,,1,,,,,,1,,1,,,,,,1,,1,,,,1,,,,,,,,,,,,,,,,1,,,,,,1,,,,,,1,,,1,,,,,,,,,
aa5sxEFiAwN,Ludewa District Council,TZ.SH.NJ.LI.5,,,,,1,,,,1,,,,,,,,,,,,,,,,,2,2,7,6,,,,,,,,,,,,2,,,,1,2,1,9,20,,,,,,,,1,,,1,,,,1,3,,,,1,,,1,,1,,,2,,,1,1,2,,1,,,,,1,5,2,4,8,,,4,2,,,1,2,,1,2,,,,1,,,,,,,,,2,,,,,,,1,,,,1,1,,,,,,,3,1,,,1,,3,3,18,34,,2,1,,1,,,1,,,1,,,,,,,,,,,,,,,1,,2,,,,,,,,1,,,,1,,,,,,1,3,1,,,3,3,3,2,2,4,,,,,,,,1,,,,,,,2,2,,,1,1,,,,,,,,,,,,,,,,2,,,,
cirtJ7KuNU0,Makambako Town Council,TZ.SH.NJ.NJ.6,,,,3,3,,,,3,,,,,,,,,,,,4,,,,,,,1,3,,,,,1,,,1,,,,2,,,,3,,,,,,,,,,,1,3,,,,,,,,,,,,,,,3,,2,,,,,,,1,,,,,,,,2,,,,4,,,,,,,,,,3,,1,,,,,,,,,,,,1,,,,,,,,,,,,,,,,,,,,,,,,,,,,,,,,,,,,,,,,,,,,1,,,,,,,,,2,,1,1,,,,,,,1,,2,,,2,,,1,1,,,,,,,1,,,,,,,,,1,,,1,,,,,,,,1,,,,,,,,,,,,,,,,2,2,,,1,1,,1,,
NzvekEmEzUG,Makete District Council,TZ.SH.NJ.MA.3,,,,,,,,,,,,,1,,,,,2,1,8,10,,,,,,,,,1,,,,,,,,,,,1,,,,,,,,,,,,,,,,,,,,,,,,,,,,,,,,,,,,,,,,,,,,,1,1,,,,,,,,,,,,,,,,,,,,,,,,,,,,,,,,,,,,,,,,,,,,,,,,,,,,,,,,,,,,,,,,,,,,,,,,,,,,,,,,,,,,,,,,,,,,,,,,,,,,,,,,,,,,,,,,,,,,,,,,,,,,,,,,,,,,,,,,,,,,,,,,,,,,,,,,,,
GOmwoDIGL98,Njombe District Council,TZ.SH.NJ.NJ.4,,,,,,,,,,,,,,,,,,,,,,,,,,,2,,,,,,,,,1,1,,,,,,,,,,,,1,,,,,,,,,,,,,,,,,,,,,,,,,,,,,,,,,,,,,,,,,,,,,,,,,,,,,,,,,,,,1,,,,,,,,,,,,,,,,,,,,,,,,,,,,,,,,1,,,,,,,,,,,,,,,,,,,,,,,,,,,,,,,,,,,,,,,,,,,,,,,,,,,,,,,,,,,,,,,,,,,,,,,,,,,,,,,,,,,,,,,,,,,,,,,,,,,1,
QUTWca9YxNb,Njombe Town Council,TZ.SH.NJ.NJ.1,,,,2,2,,,1,,,,,,,,,,,,,,,3,1,3,1,,2,2,,,,,,,1,,1,1,4,1,,,1,,,,,,,,2,1,2,2,19,33,,,,1,,,,,,,9,5,,,,1,,,,,3,3,11,8,,,,1,,,,,3,,1,1,,,,,,,,,,,,2,,,,,,,,,,,,2,,,,,1,,,,,,,,,,,,,,,,,,,,,,,,,,2,,,,1,,,,,1,1,,1,1,,,,,,,,1,,,1,1,1,,2,2,,,,4,,,,,,,,,,,,,,,1,,,,,,,,1,,,,,,,,,,,,,,,,,,,,1,,,,,,,,1,,,,,,,,1,
m4ow47nd3DC,Wanging'ombe District Council,TZ.SH.NJ.WA.2,,,,1,,,1,2,2,,,1,,,,1,,,,,1,1,,,,,,,,,,,,,,,,,,,,,,,,,,,1,,,7,1,,,2,3,,,,,,,,,,,,1,,,2,1,2,,6,1,,,,1,,,1,1,,,,1,,,,,,,,1,,,,,,,,4,,1,,1,,,,4,,,,3,,,,,,,5,1,,,1,,,,2,1,,,1,,,,,,,,,,,,,2,,,,,,,,,,,1,2,,,1,2,2,1,1,1,,,,,,,2,2,,,1,,,,1,1,,1,1,,,,1,8,,,,,,,,,,,1,,,,1,,,,1,,,,,,,,,,,,,1,,,,,,,1,,,,,2,,,1,
uPphu8kRXoZ,Bagamoyo District Council,TZ.ET.PW.BA.1,,,,,,,,2,1,,1,1,,,,,,,,,,,,1,3,,,,,,,2,,,,,,,,,,,,,,,,,,,,,,,,,,,,,,,,,,,,,,,,,,1,,,,,,,,,,,,2,,4,,,,,,,,,,,,,,,,,,,,,,,,,,,,,,,,,,,,,,,,,,,,,,,,2,,,,1,,,,,,,,,,,,,1,,,,,,,,,,,1,,,,,,,,,,,,,,,,,,,,,,,,,,,,,,,,,,,,,,,,,,,,,,,,,,,,3,,,,,,,,,1,,,,,,,3,,,,,,2,,,
cMHodEm1Bpd,Chalinze District Council,TZ.ET.PW.BA.2,,,,3,1,,,,3,,,,,,,,,,,,,,,,,,,3,,,,,1,,,1,1,,,2,,,,,,,,,,,,,1,,,,,,,,1,,,,,,,1,,,,,,,,,,,,,,,,,,,,,1,1,1,2,,,,1,3,,,,,,,,,,,,,,,,,,,1,,,,,,,,,,,,1,,,,,,,,,,,,,,,,1,3,,,1,2,,,,,,,,,,,,,,,,2,,,,,,,,,,,1,1,,,,,,,,,,,,,,,1,1,,,1,,,,1,2,,,,,,,,,,,11,2,,,,1,,,,,,,,,,,4,,,,,,,,,,,,1,1
N8oGVhuoUcK,Kibaha District Council,TZ.ET.PW.KH.2,,,1,,,,,,,,1,,1,,,,,,,4,,,,,1,,,1,2,,,,,1,,,,,,,,,,1,3,,,,,,,1,,,,,,,,,,,,,,,,,,,,,,,,,,,,,1,,,,,,,,,1,,,,,,,,,,,,,,,,,,,,,,,,,,,1,,,,,,,,3,,,,,,,,1,,,1,1,,,,,,,,,,,,,,,,,,,,,,,,,,,,,,,,,,,,,,,,,,,,,,,,,,,,,,,,,,,,,,,,,,,,,,,,,,,,,,,,,,,,1,,,,,,,,,,,,,,,,,,,,
QekURU8eIU0,Kibaha Town Council,TZ.ET.PW.KH.7,,2,,4,3,1,3,5,2,,,6,4,3,1,14,11,,,,,,,,,,,,,,,3,2,,,1,1,,,,,,,2,1,6,1,36,17,,,,,,,,1,1,,,1,,,,,,,1,,,,,,,,,2,,,1,,,,2,,1,,1,,1,2,1,1,,,2,3,,,,,,,,1,,,5,1,,,,,,,,1,2,,4,,,,1,,1,2,7,4,1,2,5,4,2,,29,17,2,1,16,25,4,,13,23,,1,14,10,2,1,30,30,3,3,11,9,5,,6,6,,,5,5,,1,11,10,,,27,8,,,5,5,2,,5,10,,,17,18,,,,1,,,,,,,2,,,,,1,,,9,7,,,9,4,,,,,,,6,6,,,8,4,,,,,,,16,13,,,,,,,2,2,,,,
Tp2jluoQwvA,Kibiti District Council,TZ.ET.PW.RF.6,,,,,,,,1,1,,,,,,,1,,,,,,,,,,,,,,,,,,,,1,,1,,,,,,,,,,,,,,,,,,,,,,,,,,,,,,,,,,,,,,,,,,,,,,,,,,,,,,,1,,1,,,,,,,,,,,,,,,,,,,,,,,,,,,,,1,,,,,,1,,,1,,,,,,,,,,,,,,,3,1,,,,,,,,,,,,,,,,,,,,,,,,,,,,,,,1,,,,,1,,,,,,,,,,,1,,,1,2,2,,,,,,,5,,,,,,,,,,,,,,,,,,,,,,,,,,,2,,,,,,
SnczTnCrk6d,Kisarawe District Council,TZ.ET.PW.KS.3,,,,3,1,,,,1,,,,,,,1,1,,,1,1,,,,,,,,,,,,,,,,,,,,,,,,,,,,,,,,,,1,,,,,1,1,,,,,,,,,,,,,,,,,,,,,,,,,,,,,,1,,,,,,,,,,,,,1,,,,,,,,,,,,,,1,,,,,,,,,,,,,,,1,,,2,,,,,,,,,,,,,,,,,,,,,,,,,,,,,,,,,,,,,,,,,,,,,,,,,,,,2,,,,,,,1,,,,,,,,,,,,,,,,,,,,,,,,,,,,,,1,,,,1,,,1,,,,,,,,,1
GI57B0uNPOX,Mafia District Council,TZ.ET.PW.MF.6,,,,,2,,,,,,,,,,,,,,,,,,,,,,,,,,,1,1,,,,,,,,1,,,,,,,1,1,1,,,,,,,1,,,1,,,,,,,,1,,,,3,,,,,,,,,,,,,,,,2,,,,1,,,,1,,,,,,,,,,,,,,,,,,,,,,,,,,,,,,,,,,,,,,,,,,,,,,,,,,,,,,,1,,,,,,,,,,,,,,,,,,,,,,,,,,,,,,,,,,,,,,,,,,,,,,,,,,,,,,,,,,,,,,,,,,,,,,,,,,,,,,,,,,,,,,,,,,
Srvx9L1LGZM,Mkuranga District Council,TZ.ET.PW.MU.4,,,,,,,,,,,,,,,,,,,,1,1,,,,,,1,,,1,,,1,,,1,,,,1,1,,,,,,,1,,,,,1,,,,1,,,,,,2,1,,,,,1,,,,,,,,,,,,,,,,,,,1,,,,,,,,,,1,,5,3,,1,,,,,,,,,,,,,,,,,,,,1,2,1,,,,,,,,1,,,1,1,,,,,,,,1,,,,,,,,,,,,2,,,,1,,,,1,,,,,,,,1,,,,,,,,,,,,,,,,1,,,,,3,1,12,3,,,1,2,,1,4,3,,,,,,,,1,,,,,,,,,,,,,,,1,,,,1,,,,1,4,,,,
gncV3iPt6Sk,Rufiji District Council,TZ.ET.PW.RF.5,,,,1,3,,,1,,,,,1,,,1,,,,,,,,1,1,2,,,1,,,2,,,,2,1,,,3,,,,1,,1,,,4,,,2,1,,,,,,,,,,,,,,,,,,,1,,,1,2,,1,,,,,,1,,,,,,,,,,,,,,,,1,,,,1,1,,,,,,,,,,,,,,,,,,,,,,,,,,,,,,,,,,,2,,,,,,1,,,,1,,3,3,,,,,,,,2,,,,,,,,1,,1,4,,1,1,,,,,,,,1,,,,,4,1,,,,,,,,,,,,,,,3,1,,,1,,,,1,,,,,,,,,,,,,,,,,,,,,1,1,1,2,,,,,
QeMjl7Ld0Vj,Kalambo District Council,TZ.SH.RU.KB.1,,,,,,,,1,1,,,1,,1,,,,,,1,,,,1,,,,1,,,,,1,,,,,,,,,,,1,4,,,,,,1,1,,,1,,,,,,2,,1,1,,5,2,1,1,1,2,1,4,,,,1,,,1,2,,,,,,,1,,,,,,,,3,1,,,1,1,,,,,,,,2,,,,,,,,,,,,,,,,,4,5,3,5,1,,4,2,,1,,,,,1,,,,,,,,,,1,,,,,,,1,,,,1,,,1,,,2,1,2,,,2,5,,1,1,1,,1,7,9,,1,3,5,,,4,5,1,,1,,1,,,,,,,1,,,1,,,,,,,,,,,,1,1,,,1,,,,,,,,,,,,,,1,,,2,1,,,1
iEIdCVxSJct,Nkasi District Council,TZ.SH.RU.NK.3,,2,,15,15,5,5,15,12,3,1,,1,2,1,5,3,5,2,11,9,,,11,9,4,3,8,4,6,6,10,6,3,3,7,7,4,6,17,14,,,1,2,,1,5,7,6,5,8,6,6,1,21,37,3,2,8,6,1,1,9,6,3,4,8,6,1,1,,2,4,2,6,3,6,4,7,6,4,4,7,8,2,,1,,3,3,6,6,2,3,7,2,2,,6,5,,,,,4,3,6,6,1,1,6,7,5,,6,6,,2,6,6,1,,8,4,,,7,5,5,4,9,6,2,,3,5,6,9,10,13,3,1,7,3,,,,,1,,1,,,,,1,,,1,1,,,1,,,,,,,,,,,,,,,,2,1,,,,,2,,1,1,,,,1,,1,1,,,,,1,1,,1,,,,1,1,1,1,4,,1,,,1,,,,1,,,,,,,,,,,1,,,,,1,,,,
cb9rqgLXFeh,Sumbawanga District Council,TZ.SH.RU.SU.2,,,,4,3,1,,2,2,,,4,1,,,1,9,1,2,1,1,,,,,,2,3,2,,,,1,1,,1,2,1,,3,4,,1,4,1,,,2,2,,,,2,,,,1,3,3,2,3,,,,,,,,1,1,,2,,,,1,,,,,1,,2,3,,,,,1,,,,,,,,2,,,,,,,,1,,,,,5,5,45,51,,,1,1,,,1,,,,1,,,,1,,,,3,,,,2,,,,,,,,,,,,1,2,,,,,,,,,,,9,25,3,1,15,19,,,2,2,,,,1,,,2,1,,,,,,,3,7,,,,,,1,1,2,,,1,3,,,1,2,,,1,,,,,,,,4,,,,,,,,,1,,,,,,,,,,,,,,,,,,,,
cZMveFzVrXh,Sumbawanga Municipal Council,TZ.SH.RU.SU.4,,,,,,,,1,,,,1,,,,,,2,1,,1,,,,,8,10,21,2,,,,,,1,,,,,,,,,1,,,,1,1,,,,,,,,,,,,,,,1,,,,2,,,,,,,,,,,,1,,,,,,,,2,,,,1,,,,2,,,,,,,,,,,,,,,1,1,,1,,,,,,1,,,,,,,,,,,,,1,,,,,,,,,,,1,,,,,,,,,,,,1,1,,,,,,,,,,,,,,,4,1,,,,,,,,,,,,,,,1,,,,,,,,,,,,,,,,,,,,,,,,,,,,,,,,,,,,,,,,,,,,2,,1,,,,,,,
KEsG36c8lDx,Madaba District Council,TZ.ST.RV.SG.5,,,,1,2,,,,,,,,,,,1,1,,,,,,,,,,,,,,,1,,,,,,,,,,,,,,,,,,,,,,1,,2,2,,,,,,,,,,,,,,,,,,,,,,,,,,,,,,,,,,,,,,,,,,,,,,,1,,,,,,,1,1,,,,,,,,,,,,,,,,,,,,,,,,1,,,,,,,,1,,,,,,,1,1,2,,,1,4,,,,,,,,,,,,,,,,,,,,,,,,,,,,,,,,,,,,,,,,,,,1,,,,,,,,,,,,1,1,,,,,,,,,,,,,,,,,,,,,,,,,,,1,5
WB7EAwS3F8N,Mbinga District Council,TZ.ST.RV.MG.3,,,,3,2,,,2,4,,,1,1,,,1,1,1,2,2,2,,,3,3,,1,3,3,,1,2,1,,,3,4,,1,1,,,,2,,,,4,5,1,,5,6,,,,,,,1,,,,1,,2,3,6,8,,,1,1,,,,,,,,,1,3,,3,,,,1,2,1,5,6,1,,1,,,,1,2,,,1,,,,3,6,,3,5,3,,,2,1,,,,,3,1,,4,,,,1,,,,,,,1,,,,1,1,,,1,1,,,,5,,,,,,,4,3,,,,1,,,,,,,,2,,,,,,,2,1,1,1,6,7,,,,2,,,1,,,1,4,4,,,4,5,,,,,,,,,,,6,7,,,,,,,,5,,,,2,,,,,1,2,2,1,,,,,,,1,2,2,,1,
lUB72k7eAQ3,Mbinga Town Council,TZ.ST.RV.MG.4,,,,2,1,,,,,,,1,1,4,3,7,8,,,2,,,1,1,1,,,2,,,,,,2,1,2,2,,,,,,,,2,,,4,4,,,,,1,1,2,2,1,1,1,2,,1,5,1,1,1,1,3,,,2,1,,,6,4,,,4,1,,3,,1,,,2,3,1,1,3,6,,,1,,1,,,,,,,2,,,1,1,,,,,,,2,,,,,,,,1,1,,,1,,,,,,,,,,1,,2,3,,,,,,,,,,,,,,,1,,1,1,2,,,,,,,,1,,,,,,,,,,1,,1,,,,,1,,,,,,,,,,,,,,,,,,,,,,,,,,,,,,,,,,,1,,,,1,,,,,,,,,,,,,,,,,
XL0luikY9oG,Namtumbo District Council,TZ.ST.RV.NM.5,,,,4,,,1,3,1,,,,2,,,2,1,1,,3,3,,,,1,,1,1,1,,,2,1,,,2,1,,,,1,,,,,4,6,2,2,2,,,,,4,8,5,,,,,1,,1,1,,,,1,1,,7,5,,,1,1,,,,,,,4,,,,,,,,3,1,,,1,2,1,1,,1,,,,,,,1,1,,,,,,,,,,,,,,,,,,,,,,,,,,1,3,4,,,,,,,,,,,9,9,,,,,,,1,1,,,,,,,,,,,,1,,,,,1,2,,,,,1,,,,3,1,1,,,,,,,,,,1,,,,1,,,1,,1,,,,,,,1,,,,1,1,,,,1,,,,1,,,,,,,1,,,,1,,,,,1
TO89Eu9qoSX,Nyasa District Council,TZ.ST.RV.NY.6,,,,,,1,,1,,,,2,,,,,,1,1,1,,,,2,2,,1,3,2,,,,,,,,2,,1,,,,,4,1,2,,23,11,,,,,,,1,2,,1,2,1,,,,,,,1,1,,,,,1,,5,6,,,,,,,,,,,,1,,,,,,,2,3,,,1,1,,,,,,,1,,,,,3,,,1,1,,,,,,,1,,,,,,,,,,,,,,,,1,1,,,,,,,,,,,,,,,,,,,,3,,,,,,,,1,,,,,,,,,,,,,,,,,,,,,,1,2,4,,,2,1,,,2,1,,,2,2,,,,,,,,1,1,1,2,,,,1,,,,,1,,,,,,,,,,,,,,,,1
LbM25p7KBDP,Songea District Council,TZ.ST.RV.SG.2,,,,,,,,,,,,,,,,,,,,,,5,6,,,,,,,,,,,,,,,,,,,,,,,,,,1,,,,,,,,,,,,,,,,2,,,1,3,,,,,,,1,,,,,,,,,,,,1,1,,,1,4,,,,,,,,,,,1,2,,,,,,,1,,,,,,,,,,,,,,,,,,,,,,,,,,,,,,,,,,,,,,,,,,,,,,,,,,,,,,,,,,,,4,,,,,,,,,,,,,,,,,,,,5,,,,,,,,,1,,,,,,,1,,,1,3,2,,,,,,,,,,,,,,,,,,,,,,,,,,,,
VdIZ0pAYfBK,Songea Municipal Council,TZ.ST.RV.SG.4,,,,2,3,,,,,,2,10,11,,,4,3,2,,4,4,,,4,6,,,3,3,,,1,2,,,,,,,,,2,,3,,,,,,,,2,4,,,,1,,,4,2,,,,,,,,,,,,1,,,,,,,,,,,1,,,,,,,,,,,,,,,,1,,,,,,,,,,1,,1,,,,2,2,3,3,3,5,,,1,,,,,,,,,,,,,2,,1,3,11,2,3,7,9,,,,,2,1,8,2,1,,5,2,,,1,,,,,1,,,,,,2,2,3,,,,,,,13,16,,2,2,4,,,,4,,,2,,1,,1,3,1,,,1,,,1,2,,,,,1,1,2,,,,,1,,,,,,,,,,,,,,,3,1,,1,,1,,,,13
r9NgS2Jsu9I,Tunduru District Council,TZ.ST.RV.TU.1,,,,,2,,,1,,,,,,,,1,2,2,,10,6,,,,,,,,,,,1,,,,,,,,1,,,,,,,,1,,,,,,,,,,,,,,,,,,,,,,,,,,,,,,,,,,,,,,,,,1,,,3,,,,,1,,,,1,,,,1,,,1,,,,2,,,,,1,,,,1,,,,,,,,,,,2,4,,,,,,,,1,,,,2,,,,,,,2,1,1,,,,,,,,,,,,,,1,,,,,,,,,,,,,2,,,,,,,1,,,,1,,,,,,,,2,,,1,,1,1,,,,,,,,1,,1,,,,1,,,,,,,,,,,,1,,,,,,,,,
AiyppObGUqI,Kahama Town Council,TZ.WT.SY.KA.5,,5,2,3,4,4,3,5,2,,,,,,,1,,,,7,8,,,,,,,,,,,2,1,,,,,,,,,,,3,,,,,1,,,,,1,,2,,,,,2,,,,,,,,,,,,,,,,1,1,,,1,1,,,,,2,2,3,,,,1,1,,,1,,,,,1,1,,,,,1,,,,1,,,,,,,,,,,,,,,,,,,,,,,,,,1,,1,,,1,,,,,,,,,,1,,,,,,,2,1,,,,,,,2,,,,,,,,,,,,,,1,4,9,4,,1,,,,,1,,1,,,,,,1,,,1,,1,,,1,,,,,,,,,,,,,,,,,1,,,,,1,,,2,,,1,,,,1,
kISvf8gGZMm,Kishapu District Council,TZ.WT.SY.KU.2,,,,,2,,,1,1,,,1,3,,,1,2,,,1,1,,,1,,,,1,1,,,1,,,,,,,,1,3,,,,,,,,,,,,,1,,,,,,,,,,,,,,,,,,1,9,,,,,,,,1,,,5,,,,,,,,1,1,,,1,,,,,,,,,,,,1,,,,,1,,,,,,,,,2,4,,,,,,,,2,5,,,,,,,,1,,,,,,,,,,,1,,1,,,,,,,1,,,,1,,,,,,,,,,,,,,,,,,,,,,,,,,,,,,,,,,,,,,,,1,1,,,,,,,,,,,4,3,,,,,,,,,,,,,,,2,1,,,,1,,,1,2
vQvBfxn7Cjs,Msalala District Council,TZ.WT.SY.KA.6,,,,1,,1,3,2,6,,,,,,,1,,,,,,,,,1,,,,,,,,,,,,,,,,,,,,,,,,,,,,,,,,,,,,,,,,,,,,,,,,,,,,,,,,,,,,,,,1,,,,,,,,,,,,,,,1,,1,,,,,,,,,,,,,,,,,,,,,,,,,,,,,,,,,,,,,,,,,,,,,,,,,,,,,,,,,,,,,,,,,,,,,,,,,,,,,,,,,,,,,,,,,,,,,,,,,,,,,,,,,,,,1,,,,,,,,,,,,1,,,,,,,,,,,,,,,,
FylvwNXCTAQ,Shinyanga District Council,TZ.WT.SY.SH.3,,,,4,3,2,2,3,3,1,1,4,2,6,4,6,5,,,10,4,,,6,4,,,2,2,3,,6,6,,,2,3,,,2,,,,,1,,,3,3,4,5,2,1,,,,,,1,4,6,1,,1,4,,2,4,4,1,,,2,1,,4,4,2,1,2,3,,,,1,,,,,,,1,2,3,10,5,9,,,3,2,,,,,,,3,2,,,5,3,,,3,1,1,,1,2,,,,,,,3,,,,,,,,3,4,,,3,1,,,,1,,,,2,,,,,,,,,,,,,1,,,,,,,,,,,,,,,,,,,,,,,,2,2,1,,,,1,,,,,1,1,,,,,,,,,,,,,,,,,,1,,1,,,,,,,,,,,,,,,,,,,1,,,,
PF4defRibDi,Shinyanga Municipal Council,TZ.WT.SY.SH.1,,,,3,1,,3,8,,,,1,,,,,,,,7,7,,,,1,,,,2,2,1,,,,,,,,,1,,,,,,1,1,1,1,,,,,2,1,1,1,2,1,1,3,,,,,2,1,,,,,,,,,1,,,,,,,,,,,,,,,,,,,,,,,,,,,,,,,,2,1,,,,,,,,,,1,,1,,,,1,,,,,,,4,1,1,,1,,,,,,,,,,,,,1,,,3,,,,,,,,1,,,,,2,,,2,5,,,13,11,,,3,3,,,4,8,,,21,18,12,6,8,9,10,7,16,6,,,,1,11,5,12,18,19,21,16,12,18,12,26,20,16,15,6,5,10,7,12,16,25,18,14,20,16,11,21,12,8,5,18,11,12,13,13,14,5,8,2,,,,,1
WgQHWeMx6Zl,Ushetu District Council,TZ.WT.SY.KA.7,,1,1,1,3,,,,,,,,,,,,,,,4,3,,,,,,,,,,,,,,,,,,,,,,,,,,,,,1,,1,1,,,,,,,,,,,,,,,,,,,,,,,,1,,,,,,,,,,,,,,,,,,,,,,,,,,,,,,,,,,,,,,,,,,,2,,,,,,,,,,,,,,,,,,,,,,,,,,,,,,,,,,,,,,,,,,,,,,,,,,,,,,,,,,,,,,,,,,,,,1,,,,,,1,,,,,,,,,,,,,,,,,,,1,,,,,,,,,,,,,,,,,,,,,,,,,,,
Q16E1rzDnVD,Bariadi District Council,TZ.WT.SI.BR.1,,,,1,2,,,2,1,,,2,,,,1,,,,,,,,1,1,,,2,2,,,,,,,,,1,,,,,,,,,,,,,,,,,,1,,,,,,,1,,,,,,,,,,,,,,2,,,,,,,,,,,,,,,,,,,,,,,,,,,1,,,,,,,,,,,,1,,,,,,,,,,,,,,,,,,,,1,1,,,,,,,,,,,,,,,,,,,,,,,2,1,,,,,,,,,,,,,,,,,,,,,,,,,,,,,,,,,,,,,,,,,,,,2,,,1,,,,1,,,,,,,,1,4,,,,,,,,,,,4,1,,,,,,,,
Yb483pDzzWj,Bariadi Town Council,TZ.WT.SI.BR.2,,,,1,2,,,13,3,2,,7,5,,,22,25,,,17,23,,,,,,,,,,,,,,,,,,,1,,,,,,,,,1,,,7,10,,,3,1,,,,,1,,,1,,,,,,,,,,,,,,,,,,,,,,1,4,,1,,1,,,,,,,,,,,,1,1,1,,1,,,,,,,,,,,,2,,,,,,,,,,,,,,,,37,40,,,,,,,1,,,,,,,,,1,,,,,,,,,1,1,2,1,,,,,2,2,1,,,,,,,,,,,,,,,,,,,,,,,,,,,,,,,,,,,,,2,,,2,7,,,,,,,,,,,,,,,,,,,,,,,,,,,,
I58Bh8dN2sO,Busega District Council,TZ.WT.SI.BS.5,,,,,,,,,,,,,,,,,,,,,,,,,,,,1,2,,,,,,,,,,,2,,,,,,,,,,,,,,,,,1,,,1,,,,,,,,,,,,,,,,1,,,,,,,,,,,,,,,,,,,,,,,,,,,,,,,,,,,,,,,,,,,,,,,,1,,,,,,,,,,,,,,,,1,,,,,,,1,1,1,,,,,,,,1,1,,,,,,,,,,,,,,,,,,,,,,,1,,,,,,,,,,,,,,,,,,,,,,,,,,,,,,,,,,,,,,,,,,,,,,,,,,,,,,,,,,,,
bDteRg6tH0A,Itilima District Council,TZ.WT.SI.IT.2,,,,1,,,,,,,,,,,,,,,,,,,,,,,,,,,,,,,,,,,,,,,,1,,,,,,,,,,,,,,,,,,,,,1,,,,,,,1,,,,,,,,,,,,,,,,,,,,,,,,,,,,1,1,,,,2,,,,,,,,,,,,,,,,,,,,,,,1,,,,2,2,,,,,,,,,,,,,,,,,,,,,,,,,,,,,,,,,,,,,,,,,,,,,,,,,,,,,,,,,,1,,,,,,,,,,,,,,,,,,,,,,,,,,,,,1,1,,,1,1,1,,,,,,,,,,,,,,,
mbXn83McbCh,Maswa District Council,TZ.WT.SI.MW.4,,,1,,,,,,2,,,3,1,,,1,,,,,,,,,,,,,,,,,,,,,,2,,,,,,,,,,1,,,,,,,,,2,,,,,,,,1,,,,,,,,,,,,,,,,,,,,,,,,,,,,,,,,,,,,,,,,,,,,,,,,,,,,,,,,,,,,,,,,,,,,,,,,,,,,,,,,,,,,1,,,,,,,,,,,1,,,,,,,,,,,,,,,,,,,,,,,,,,,,,,,,,,,,,,,,,,,,,,,,,,,,,,,,,,,,,,,,1,9,,,,,,,,,,,,,,,,
vJY7WRfb5Hc,Meatu District Council,TZ.WT.SI.MT.3,,,2,,,,,,,,,2,,1,,,,,,1,,,,3,2,,,,,,,,,,,,,3,4,1,2,,,1,,,,,,,,,1,,,,,,,,,,1,1,1,1,,,1,,,,,,,2,,,,,,,,,,,,,,,,1,,,,,,,,,,,,,,,,,,,,,,,,,,,,,,,,2,,,,1,,,,,,,,,1,,2,3,2,,,1,,,,,,,,,,,,,,,,,,,,1,1,,,,,,,,,,,,,,,,,,,,,,,,,,,2,1,,,,,,,,,,,,,,,,,,,,,,,1,1,,,1,1,,,2,1,,,1,2,,,,,1,,1,1,,,,
dFCrIa5paz7,Ikungi District Council,TZ.CL.SD.IK.5,,,,2,2,,1,12,9,,,3,,1,4,6,9,7,1,31,27,7,4,18,35,3,6,12,2,,,1,,1,,,,,,1,1,,,1,,,,2,1,,,,1,,,,,,,,1,,,,,,,2,1,,,1,,1,1,,,,,,1,,,,,,,1,,,,,1,,,,,,,3,1,,,1,,,,1,,,,,,1,1,1,,,,,,,,1,,,,2,1,,,,,,,1,,,,1,1,,,1,,,,,,,,,,,,,,,,,,,,,,,,,,,,,,,,,,,,,,,,,,,,,,,,,,,,2,5,,,,,,,,1,,,,,,,,1,,,,,,,1,,,,,,,,,,,,2,,1,1,1,,,,,1
tNFOa31xGhu,Iramba District Council,TZ.CL.SD.IR.1,,,,2,,,,,,,,,1,,,,1,,,,,,,1,,,,1,,1,,,,,,,,,,,,,,,1,,,,,,,,,,,2,2,,,,,,,1,,,,,,,,2,,1,1,,,,,,,,,,,,,,1,,,,1,,,2,1,,,,,,,,,,,,,,,1,,,,,,,,,,,,,,,,1,,,,1,,,,,,,,,,1,,,1,,,,,,,,,,,,,,,,,,,,,,,,,1,,,,,,,,,,,,,,,,,,,,,,,,1,,,,,,2,2,,,,,,,3,,,,,,,,,,,,,,,,,1,,,,,,,,1,1,,,,,,,
OwqGTochnjW,Itigi District Council,TZ.CL.SD.MN.4,,,,1,,,,,1,,,,,,,,1,,,,,,,,,,,,,,,,,,,,,,,,,,,,,,,,2,,,,,,,,,,,,,,,1,,,,,,,,,,,,,,,,,,,,,,,,,,,,,1,1,,,,,,,,,,,,,,,,,,,,,,,,,,1,1,,,,,,,,,,,,,,,,,,,,,,,,,,,,,,,1,1,,,,,,,8,7,,,,,,,,,,,,,,,1,,,,,,,,,,,,,,,,,,,,,,,,,,,,1,,,,1,,,,,,,,,,,,,,,,,,,,,,,,,,,,,,,,,
uHp3aLKA6Tn,Manyoni District Council,TZ.CL.SD.MN.3,,,,,,,,2,2,,,2,1,,,9,13,3,4,1,1,1,1,8,7,1,,,,1,,1,,,,,,,,2,2,1,1,,3,,,,,,,,,,,,,,,1,2,,,,1,,,,,,,,,1,1,1,,,,,,,,,1,,,,1,,,,,,,,,,,,,,,,1,,,,,,,,,,,1,1,,,,,,,,,,1,1,,1,,,,,,,,,,,,,,1,1,,,,,,,,,,,1,1,,,2,1,,,,,1,,,1,,,1,,,,,1,,,3,3,,,,,,,,,,,,,,,,,,,,,,,,,,,,,,,1,,,,,,,,1,3,,,3,,,,5,2,,,1,1,1,,1,3,,,,1
Qyg5jjxGeQD,Mkalama District Council,TZ.CL.SD.ML.6,,1,,1,,,,1,1,,,,,,,,,,,2,3,,,1,1,1,,10,9,,,1,1,,,,,,,,,,,,3,,,,,,,,,,,,1,,,3,,,,7,11,1,,1,2,,,,,,,1,,,,,,,,,1,,1,41,60,,,,,,,,2,,,,,,,20,17,,,,,,,,,,,,,,,,,,,,,1,1,20,20,,,,,,,,,,,,,,,,,,,1,2,,,,2,,,,,,,,,,,,,,,,,,,,,,,1,,1,,1,1,,,,,,,1,1,,,,1,1,,2,12,,,,,,,,,,,,,,,,,,,,,,,,,,,,,2,,10,15,,,,1,,,,,,,,
RHLUbsrsFoE,Singida District Council,TZ.CL.SD.SD.2,,,,4,6,,,1,,,,,,,,,,,,,,,,,,,,,,1,,15,17,1,,1,,,,1,,,,4,1,,,,,1,1,,,,,,,,,1,,,,,,,,,,,,1,1,,,,,,,,,,,,,,,1,2,,,,,,,4,2,,,,,,,,3,,,,,,,,,,,,,,,,,,,,,,,,,1,,,,,,1,,,,,,,,,,,,,,,,3,,,,,,,,,,,,,,,,,,,,2,,1,,1,2,,,,,,,1,1,,,,1,,,,,,,,1,,,,,,,,,1,,2,1,,,,,,,,3,,,,,,1,,,,,,,,,,,,,,,,,,
V60DkMrlQ5Q,Singida Municipal Council,TZ.CL.SD.SD.4,,,,,,2,3,3,6,2,,,1,,,,,,,,,,,,,,,2,,1,,,,,,4,8,,,1,,,,1,2,1,,1,1,,,,,,,,1,,1,1,2,,,1,,,,,,,,,,2,3,2,5,,,1,3,,,,,,,,1,,,,,,,,,,,1,,,,1,,2,1,8,12,1,6,6,3,,,1,2,1,1,1,1,,,,,,,,,,,1,,,1,4,3,4,3,4,12,3,3,7,5,4,2,3,10,1,1,2,4,1,1,1,,1,,7,1,,,2,1,,,2,1,,1,19,39,,,3,2,1,,6,8,1,1,7,7,1,,3,7,,1,3,3,2,5,2,,1,1,,5,,,6,7,3,,14,9,2,,4,3,1,,,,,,2,,,1,,,,1,1,,,1,3,1,1,,1,1,,1,1,3
wsCWwNbLJNY,Ileje District Council,TZ.SH.SO.IJ.5,,,,,,,1,,1,,1,1,,,,,,,,32,48,,,,,6,,4,,,,,,,,1,2,,,,,,,,,,,,,,,1,,,,,,,,,,,,,,,,,,,,,,,,,,,,,1,,1,,1,,,,1,,,,,,,,,,,,,,1,1,,,,,,,,,,1,,,2,,,,1,,,1,1,,,,,,,,,,,,,,1,,,,,,,,,,,,,,,,,,,,,,,,,,,,,,,,,,,,,,1,,,2,1,,,,,,,,,,,,,,,,,,,,,,,,,,,,1,,,,,,,,,,,,,,,,,,,,,,,,1,,,,2,,,,
aouUIozrc7I,Mbozi District Council,TZ.SH.SO.MZ.6,,5,9,8,9,4,8,8,11,7,9,11,12,4,7,9,11,8,11,16,13,7,9,10,7,9,4,9,5,,,,,,,,,7,12,29,25,5,8,5,9,7,9,8,9,,,3,3,,,,,6,4,5,5,,,9,10,1,,3,3,,,,,,,,,,,,,,,1,2,,,4,4,,,,,,2,,,,,4,11,,,,,,,,,,,,,,,,,,,5,1,,,,,,,,,4,3,9,12,3,2,5,9,2,1,6,7,7,9,6,9,3,2,54,67,3,4,12,9,1,,7,9,,,,2,5,6,14,11,,1,8,10,2,5,9,1,4,,11,9,2,,12,10,4,5,11,6,2,1,7,5,1,1,2,7,4,,13,14,2,1,8,5,4,3,1,3,2,,4,5,2,3,,5,1,4,5,7,2,,5,6,,1,,1,1,1,2,4,1,,3,1,2,1,7,1,1,4,4,6
d07Wtk7brGz,Momba District Council,TZ.SH.SO.MO.9,,,,,,,,,,,,4,2,,,,,,,,,,,,,,,,,2,6,2,3,,,,1,,2,1,1,,,2,1,2,,8,10,2,,3,3,,,1,,,,,,,,2,2,,,1,,,,,1,,,1,,,,,2,,,,,1,,1,,,,2,2,,,,,,,,,,,,,,,,,,,,,1,,,,,,,,,,,,,1,,,,,,,,,,,,,,,,,,,,,,,,,,,,,,,,,,,,,,,,,,,,,,,,,,,,,,,,,4,1,,,,,,,2,2,,,1,1,,,1,1,,,,,,,,,,,2,1,,,,,,,,,,,,,,,1,,,,,1,,,,,,,,1
YUUmbtHrmco,Songwe District Council,TZ.SH.SO.SO.1,,,,2,,1,,7,6,2,,6,7,2,1,3,3,1,,6,3,1,,3,1,,2,4,5,,,1,,,,,2,,,,,,,,,,,,1,,,1,1,,,,,,,,,,,,,,,,,,,,,,,1,,,,,,,,,,,,1,,,,1,1,,,,,,,,,,,,1,,,,,,,,,,,2,1,,,,,,,,2,,,,,,,,,,,4,2,,,,,,,,,,,,,,,,,,,,1,,,1,1,,,1,,,,,,,,1,1,,,,2,,,,,,1,2,3,,,,,,,,,,,,,,,2,,,,,,,,1,,,,1,,,,,,,,,2,,,,,,,,,,,,,,,,,2,2,3,1
fqlNpTvqMw4,Tunduma Town Council,TZ.SH.SO.MO.10,,,,,,,,,,,,,,,,,2,,,,,,,,,,,,,,,,,,,,,,1,13,5,,,1,,,,11,17,,,10,4,,,,,,,,26,,,,,,,,,,,,,,,,,,,1,1,1,,,,,,,1,,,,,,1,33,34,8,13,92,106,,,2,1,,,,,,,,,,,,,,,,,,,1,,,,1,,,,,,,,,1,,1,,4,,,,,,,,,1,1,1,2,,,,1,1,5,44,53,,,,,,,,,,,2,,8,8,,3,,,,,,,1,1,,,1,,,,,,,,,,,,,,,,,,,,,,,,,,,,,,,,,,,,,,,,,,,,,,1,,1,1,,,,
fogigwn9cW7,Igunga District Council,TZ.WT.TB.IU.2,,,,11,4,,,,1,,,,1,2,2,10,10,1,,12,2,2,1,13,6,2,,3,3,,,1,,,,,1,10,9,21,28,,,,,,,,1,,,1,,,,,,,,2,,,,,,,,,2,,,,,,,,,,,,,,,1,,,,,,5,5,1,,3,2,2,1,,,2,,,,,,,,1,2,,,,,,,,,1,2,,,,,,,,,,,,,,,,1,,1,,,,,,,1,,,,,,,,,,,,,,,,3,1,,,,,,,,,,,1,,,,3,6,,,,6,,,,,,,1,,,,2,,,,1,,,,1,2,1,2,5,6,,,,,,,,,,1,3,3,,,2,2,,,1,,,,,,,,,1,3,2,7,7,,,,
PEIzWSzWQ7S,Kaliua District Council,TZ.WT.TB.KL.7,,1,,2,2,,1,,2,1,1,2,,,,3,3,2,2,2,2,,,2,1,,,,1,,1,1,1,1,,,,,,1,1,1,,1,,,,,,,2,5,14,,,,,,,1,,,1,,1,1,,1,1,,,1,3,,,1,1,,,2,2,,,1,,,,,,1,,,1,2,1,2,,1,1,4,4,,,,1,,,,,,,,,,,,,,,,,,,,,,,,,,,1,1,,,,,,,1,,,,1,,9,11,12,26,,,8,,,,,1,,,1,1,,,3,1,,,3,1,,,,1,,,,,,,2,1,,,1,,,,,,,,,,,,3,2,,,1,3,,,2,,,3,,,,1,1,,,,3,4,,,3,1,,,3,2,,,4,3,,,,,,,2,1,,1,,
WAwWjYYzdkS,Nzega District Council,TZ.WT.TB.NZ.1,,,,,,1,,4,2,,,1,,,,2,,,,,,,,,,,,,,,,,,,,,,,,,,,,,1,,,,1,4,2,3,3,,,,,,,,,,,,1,,,1,,,,,,,,9,12,,1,,1,,,,,1,,,1,,,,1,,,1,,,,,1,,,1,,,,,,,,1,,,,,,1,2,4,3,,,,,,,,,,,,,,,,1,,,,1,,,,,,,,1,,,,,,,,,,,,,,,,,,,,,,,,,,,,,,,,,,,,,,,,,,,,,,,,,,,,,,,,2,,,,1,,,1,1,,,1,,,,,,,,,,,,1,2,,,,,,,2,1,1,,1,2
uvsgHtPzLSo,Nzega Town Council,TZ.WT.TB.NZ.2,,,,,,,,,,,,,,3,2,9,8,,,2,,2,4,7,11,,,,,7,8,27,36,7,8,8,9,7,8,8,10,,,9,21,4,4,17,17,7,8,8,9,,,,,,,1,,,,,,,,,,,,,,,,,,,,,,,,,,,,,,,,1,2,,,,,,,,,,,,,1,,,,,,1,,,,,,,,,2,,,,,,,,,,1,1,1,,,,2,,,1,2,,,1,,,,,,,,,,1,2,2,,,,,,,,,,,,,,,,,,,,1,,,,,,,,,,,,,,,,,,,,,,,,,,,,,,,,,,,,,,,,1,,,,1,1,,,,,,,,,,,1,4,,,1,,,,,
mOqc3ajETpA,Sikonge District Council,TZ.WT.TB.SK.5,,,,,,,,,,4,2,4,1,,1,1,1,,,,,,,,,,,2,1,,,,,,,1,,,,,,1,,5,3,,,,,,,,,,,,,,,,3,1,,1,2,,,,,,,,,,,,,,,,,,,,,,,,,,,,,,,,,,,,,,,,,,,,,,,,,,,,,,,,1,,,,3,,,,1,,,,,,,1,,,,1,2,,,,1,,,,1,,,,,,,,,,,,,,,,,,,,,,,,,,,,,,,,,1,,,,,,,,,,,,,,,,,,,,,,1,,,,,,,,3,,,,,,,,1,,,,,,,,,,,,,,,,,,,,2,
Nc1C12TG69d,Tabora Municipal Council,TZ.WT.TB.TB.6,,10,6,8,4,,,,,,,,,2,1,20,1,5,2,4,4,2,3,7,7,4,3,6,4,5,3,7,11,7,4,11,6,15,11,10,14,,,,,,,,,,,1,2,,,,,,,2,,,,3,2,,,,,,,,1,,,,,1,,1,,,,,,,1,,2,1,,2,1,,,,1,,,,,,,,,,,,,,,,1,,,,1,,,,,,,,,,,,,1,,1,,,,,,,,,,,,,,,,,,,,,,,,2,,,,,1,,,,1,,,4,5,,1,2,8,,,,,,,7,7,1,,8,5,,,4,4,,,40,7,,,6,4,1,,6,1,,,,,,,,,,,,1,,,,,,,2,,,,,1,,,,,,,,1,,,1,1,,,1,1
K8HUKJUZ7aj,Urambo District Council,TZ.WT.TB.UR.4,,2,1,,,,,,1,,,,,1,,3,5,,,,,8,4,17,10,,,1,1,,,,,1,,1,,,,,,,,2,,,,,,,,1,,,,,,,,4,,,,4,1,1,,,,,,1,,,,,,,,,,,,1,,2,1,4,6,,,,,,,1,,,,,,,,,1,,,1,,,,,,,,,,,,,,,,,,,,,2,2,3,6,7,2,1,10,4,2,2,14,3,1,,11,3,,,,,,,,,,,,,,,,,,,,,,,,,,,,,,,1,,6,3,1,,,,,,1,3,15,8,,1,5,3,,,,2,2,,3,6,1,3,8,5,,,,,,,1,,,,,,,,,,,,,,6,14,15,24,,,,,,,,,1,1,6,6
m2ux1UEElNB,Uyui District Council,TZ.WT.TB.UY.3,,,,,,,,,,1,1,1,2,2,,1,3,,,,,,,,,,,,,,,,,,,,2,1,,2,1,1,1,,,,,,,1,,,,,,1,2,1,,1,1,,,,1,,,,,,,,,1,,,,,,1,,,,,,,,2,,2,2,,,,,,,,,,,,,,,,,,,,,,,,,,,,,,,,,,,,,,,,,,,,,,,,,,,,,,,,,,,,,,,,,,,,,,,,,,,,,,,,,,,,,,,,,,,,1,,,,,1,2,,,,,,,,,,,,,,,1,,,,,,,,,,,,,,,,,,,,,,,,,,,,,1,,,,,,,,
gu92DYtO3ii,Bumbuli District Council,TZ.NT.TN.LS.2,,,,,,,,,,,,,,,,,,,,,,,,,,,,1,,,,,,,,,,,,1,,,,,,,,,,,,,,,,,,,,,,,,,,,,,,,,,,,,,,,,,,,,,,,,,,,,,,,,,,,,,,,,,,,,1,,,,1,,,,,,,,,,,,,,,,,,,,,,,,,,,,,,,,,,,,,,,,,,,,,,,,,,,,,,,,,,,,,,,,1,,,,,,,,,,,,,,,,,,,,,,,,,,,,,,,,,,,,,,,,,,,,,,,,,1,,,,,,,1,,,,1,1,,,1,
DkxlFk8MuM7,Handeni District Council,TZ.NT.TN.HD.6,,,,6,3,,,5,,,,,1,,,,,1,,2,2,,,,,,,1,,,,,1,,1,2,2,,,,,,,,,,,,,,,,1,,1,2,,1,1,2,3,,,,1,,,1,,1,,,,,,,,1,,,,,,,,,,,,1,1,,1,,,,,,,1,,,,,,,,,,,,,,,,,,1,,,,,,,,,,,,,,,,,,,,,,,,,,,,,,,4,,3,1,1,,1,,2,,,,,,,1,,,,1,1,,,,,,,1,,,,1,,,,,,,,,,,,,,,,,,,,,,,,1,,,,,,,,,,,,,,,,,,,,,,,,,1,,,,,,,1,,,,,
HeESSqNok0X,Handeni Town Council,TZ.NT.TN.HD.10,,,,,,2,3,4,3,,,3,4,,,4,5,,,,,2,4,4,6,2,3,5,5,,,1,,24,2,4,2,2,2,4,2,,1,,,3,2,4,2,,,,,,,,,,,,,,,,,,,2,1,,1,,,,,,,,,2,4,,,,,,,6,4,,,6,6,,1,1,1,,,6,5,1,,2,1,1,3,4,2,,,2,1,,,,,,,8,10,,,1,,2,,2,1,,,,,,,,,,,,,,,,1,,,3,,,,,2,,,,,,,,,,,,,,,,,,,,3,,,1,,,,,,,,,,,,,3,,,,,,,1,1,,,,,,,,,,,,,,,,,,,,,,,1,,,,2,,,,,,,,,,,,,,,,,
mKI72g04l0D,Kilindi District Council,TZ.NT.TN.KI.7,,,,,,,,,,1,,,,,,,,,,1,,,,,,,,,,,,1,,,,,,,,,,,,6,12,2,1,1,1,,,,,,,,,1,,,,,,,,,,,1,,,,,,,,,,,,,,,4,2,,,,,,,3,2,,,,,,,,,,,4,4,2,1,4,3,,,2,2,,,6,3,,,4,3,,,3,5,,,,3,1,,1,,,,,,,,,,,,,,,,,,,,,,1,,,,,,,,,,,,,,,,,,,1,,,,,,,,,,,,,,,,,,,1,,,,,,,,,,,,1,1,,,,,,,,,,,,1,,,1,,,,,,,,2,3,,,,,1,,3,5,,,,1
QBC1po2JaJW,Korogwe District Council,TZ.NT.TN.KO.2,,1,,4,4,,,,1,,,1,1,,,,,,,,,,,,,,,2,,,,,,,,,,,,,,2,,2,,,1,,,,,,,,,,,1,,,,,,,,,,,,,2,,,,,,1,,,,,,,,,,,,,,,,,1,,,,,,,,,,,,,,,,,,,,,,,1,,,,,,,,,,,,,,,,,,,1,1,,,3,1,,,,,,,,,1,,1,1,,,1,1,,,,,,,,,,,1,,,,,,,,,,,,,,,,,,,,,,,,,,1,,,,,,,,,,,,,,,,,,,,,,,,,,,,,,1,,,,,,,,,1,,,1,1,,,,2
qHJkyM0bG8U,Korogwe Town Council,TZ.NT.TN.KO.9,,,,,,,,,,,,4,5,,,,,,,,,1,2,10,15,,,,,,1,13,7,,,,,,,5,2,5,3,4,8,,1,2,1,1,,20,1,,,,,,,,,,,,,,,,,,,,,,,3,2,,,,1,,,,,,,,,,,26,41,,,,,,,,,,,2,,1,,3,4,,,5,,,,,2,,2,4,5,2,1,4,2,,,,,,1,,,,,,,,,,,,,,,,,1,1,,,,,,,,,,,,,,,,,,,,,,,,,,,,,,,,,,,,,,,,,,1,1,1,,,,,,,,,,,,,,,,,,,,,,,,,,,,,,,,,,,,,,,,,,,,,,,,
ilY7TEjviqa,Lushoto District Council,TZ.NT.TN.LS.1,,,,,,,,,,,,,,,,,,,,,,,,,,,,,,,3,,,,,,,,,,,,,,,,,1,,,,,2,,,1,,,,1,,,,,,,,,,,,,,,,,,,,,,,,,,,,,,,,1,,,,,,,,,,,,,,,,,,,,,,,1,,1,,,,1,,,2,,,,,1,,,,,,,,,,,,,,,,,,,,,,,,,,,1,,,,,,,,1,,,,,,,,,,,,,,,,,,,,,1,,,,,,,,1,,,,,,,,,,,,,,,,,,,,,,,,,,,,,,,,,,,,,,,1,,,,1,2,,,,
B9idcF4fOIW,Mkinga District Council,TZ.NT.TN.MK.8,,1,,2,,4,2,5,5,2,3,3,1,,,,,4,2,2,3,2,2,2,3,7,4,5,3,4,6,2,3,4,2,2,6,4,2,2,3,3,2,1,2,,1,2,,,,,,1,,6,3,1,1,4,5,,,2,1,2,,2,,,,1,,,,3,2,,,,,,,,,,,,2,,,2,,,,1,1,,,,1,,,,,,,,,,,1,1,,,,,,,,,,,,,,,,,,,,,,,,1,,,3,1,,,,,,,2,4,,,,3,,,2,2,,,1,2,,,,,,,,,,,,,,,2,1,,,,,,,,,,1,,,,,,1,,,2,1,,,,,,,,,,,1,,,,,,,,,,,,,,,,,,,,,,,,,,,,,,,,,
H2LvCkw2bCO,Muheza District Council,TZ.NT.TN.MH.3,,,,,,,,1,,,,14,12,,,,,,,2,1,,,,1,,,,,,,1,1,,,1,,,,,,,,,,,,,,,,19,13,,,2,1,,,2,,,,3,,,,7,,,,,,,1,4,1,,,6,5,,,,8,,,3,1,,,,,,,1,,,,,,,,3,,,,3,2,,,4,6,,,1,,,,,,,,1,,,,,,,,1,,,,4,,2,4,,1,,,2,,,,,,,,,,,,,,,,11,27,,,,,,,,5,,,,,,,,,,,,,,,,,,,1,,,,,,,,,,,,1,,,,,,,,1,,,,2,1,,,1,,,,,,,,,,,,,,,,,,,,1,,,,7,
rQS2cX4JH88,Pangani District Council,TZ.NT.TN.PA.5,,1,,,,1,1,2,1,,,1,1,,,,,,,,3,,,,,,,2,1,,,,1,,,3,1,,,,,,1,,1,,,1,1,,,,1,,,,,,,,1,,,,,,,,,,,,,,,,1,,,1,1,,,,,,,,,,,1,,,,2,2,,,,,,,,,,,,,,,,,,,,,,,,,,,,,,,,,,,,,,,,,,,,,,,,,,,,,1,,,,,,,,,,,,,,,,,,,,,,,,,,,,,,,,,,,,,,1,,,1,,1,,,,,,,,2,,,,1,,,,,,,,,,,,,,,,,,,,1,,,,,,,,,,,,,,,,
ySuyuvNNFp8,Tanga City Council,TZ.NT.TN.TN.4,,,,,,,,,,,,1,1,,,,,,,,1,,,,,,,,,,,2,3,,,,,,,,,,,,,,,,1,,,,,,,,2,,,,,,,,1,1,1,2,,,,4,,,,,,,,2,,,,,,,,,,,,,,,,,,,,2,,,,,,,,,,,,,,,,1,,,,1,,,,,,,,,,,,,1,,,,1,,,1,,,,6,4,,,3,,,,,,,1,,3,1,1,,,,,4,4,,,1,,,,,,,,2,,,,2,,,,1,,,,,1,,5,1,6,1,,,,,,,1,,,,,,,,,,,,,,,,,,,,,,,2,,,,,,,,,,,,1,1,,,1,
